{"skeleton":{"hash":"79uB7USVFvNBOorjhjBdZLBSxmk","spine":"2.1.27","width":271.8,"height":340.43,"images":"./Parts/"},"bones":[{"name":"root"},{"name":"body","parent":"root","length":98.78,"x":13.11,"y":151.14,"rotation":83.16,"color":"7700e8ff"},{"name":"hinge","parent":"root","length":21.28,"x":9.43,"y":153.91,"rotation":-84.74,"color":"006b64ff"},{"name":"hinge 2","parent":"root","length":21.28,"x":20.98,"y":154.15,"rotation":-84.74,"color":"6b0009ff"},{"name":"antenna front","parent":"body","length":14.31,"x":97.62,"y":8.59,"rotation":-41.15,"color":"7700e8ff"},{"name":"arm","parent":"body","length":13.92,"x":-12.29,"y":-6.92,"rotation":-170.6,"color":"700600ff"},{"name":"arm back","parent":"body","length":13.92,"x":-11.33,"y":-13.04,"rotation":-170.6,"color":"4b0091ff"},{"name":"ear plate front","parent":"body","length":34.82,"x":8.7,"y":3.42,"rotation":-171.96,"color":"ff00d0ff"},{"name":"tail 1","parent":"body","length":20.59,"x":-22.87,"y":40.82,"rotation":-171.3,"color":"7700e8ff"},{"name":"thigh","parent":"hinge","length":31.61,"x":21.28,"y":0.15,"rotation":-4.49,"color":"039692ff"},{"name":"thigh2","parent":"hinge 2","length":31.61,"x":21.28,"y":0.15,"rotation":-4.49,"color":"961e18ff"},{"name":"tongue","parent":"body","length":29.79,"x":19.48,"y":-56.47,"rotation":-167.9,"color":"2f6e9cff"},{"name":"antenna back","parent":"antenna front","length":12.1,"x":-6.33,"y":5.19,"rotation":4.06,"color":"7700e8ff"},{"name":"arm 3","parent":"arm","length":13.92,"x":13.92,"y":-0.1,"rotation":0.45,"color":"9c0c0dff"},{"name":"arm 7","parent":"arm back","length":13.92,"x":13.92,"y":-0.1,"rotation":0.45,"color":"5b00a1ff"},{"name":"knee","parent":"thigh","length":17.9,"x":31.61,"y":-0.17,"rotation":-1.81,"color":"005c25ff"},{"name":"knee2","parent":"thigh2","length":17.9,"x":31.61,"y":-0.17,"rotation":-1.81,"color":"ab4037ff"},{"name":"tail 2","parent":"tail 1","length":19.95,"x":20.59,"y":0.09,"rotation":-28.86,"color":"9236e8ff"},{"name":"arm 4","parent":"arm 3","length":15.81,"x":13.92,"y":0.01,"rotation":-1.36,"color":"d11018ff"},{"name":"arm 8","parent":"arm 7","length":15.81,"x":13.92,"y":0.01,"rotation":-1.36,"color":"7f00e0ff"},{"name":"calf","parent":"knee","length":47.01,"x":15.81,"y":0.2,"rotation":0.9,"color":"00989cff"},{"name":"calf2","parent":"knee2","length":47.01,"x":15.81,"y":0.2,"rotation":0.9,"color":"c25d69ff"},{"name":"tail 3","parent":"tail 2","length":17.13,"x":18.84,"y":-0.48,"rotation":-35.02,"color":"b235e8ff"},{"name":"arm 5","parent":"arm 4","length":15.33,"x":15.81,"y":-0.11,"color":"ff4226ff"},{"name":"arm 9","parent":"arm 8","length":15.33,"x":15.81,"y":-0.11,"color":"9c00fcff"},{"name":"heel","parent":"calf","length":24.32,"x":44.53,"y":-0.61,"rotation":-11.13,"color":"006323ff"},{"name":"heel2","parent":"calf2","length":24.32,"x":44.53,"y":-0.61,"rotation":-11.13,"color":"f07d71ff"},{"name":"tail 4","parent":"tail 3","length":17.24,"x":17.8,"y":-0.43,"rotation":-14.98,"color":"be59e8ff"},{"name":"arrm 6","parent":"arm 5","length":7.79,"x":15.33,"y":0.12,"rotation":1.8,"color":"f26d28ff"},{"name":"arrm 7","parent":"arm 9","length":7.79,"x":15.33,"y":0.12,"rotation":1.8,"color":"d600c8ff"},{"name":"foot","parent":"heel","length":26.45,"x":24.32,"y":-0.16,"rotation":65.82,"color":"139c42ff"},{"name":"foot2","parent":"heel2","length":26.45,"x":24.32,"y":-0.16,"rotation":65.82,"color":"c4919cff"},{"name":"tail 5","parent":"tail 4","length":14.98,"x":17.24,"rotation":-23.96,"color":"b583e8ff"},{"name":"hand","parent":"arrm 6","length":21.64,"x":-0.38,"y":-2.47,"rotation":-5.39,"color":"ffb71aff"},{"name":"hand2","parent":"arrm 7","length":21.64,"x":-0.38,"y":-2.47,"rotation":-5.39,"color":"ff41c0ff"},{"name":"smoke","parent":"foot","length":32.1,"x":19.16,"y":-6.41,"rotation":-54.67,"color":"139c42ff"},{"name":"smoke2","parent":"foot2","length":32.1,"x":23.13,"y":-3.88,"rotation":-54.67,"color":"139c42ff"},{"name":"toe","parent":"foot","length":14.15,"x":26.46,"rotation":31.49,"color":"42bd46ff"},{"name":"toe2","parent":"foot2","length":14.15,"x":26.46,"rotation":31.49,"color":"deb6b6ff"},{"name":"index","parent":"hand","length":5.73,"x":22.88,"y":-0.68,"rotation":-5.66,"color":"fdff85ff"},{"name":"index2","parent":"hand2","length":5.66,"x":22.88,"y":-0.68,"rotation":-6.16,"color":"f79ee7ff"},{"name":"middle finger","parent":"hand","length":7.25,"x":22.6,"y":1.7,"scaleX":0.892,"rotation":-5.55,"color":"dfff5fff"},{"name":"middle finger2","parent":"hand2","length":6.77,"x":22.6,"y":1.7,"rotation":-6.06,"color":"f582e5ff"},{"name":"pinky","parent":"hand","length":6.49,"x":20.28,"y":5.14,"rotation":4.77,"color":"ffdf29ff"},{"name":"pinky2","parent":"hand2","length":7.91,"x":20.28,"y":5.14,"rotation":-8.65,"color":"ff62b4ff"},{"name":"thumb","parent":"hand","length":10.06,"x":8.63,"y":-5.39,"rotation":1.46,"color":"f6ffb0ff"},{"name":"thumb2","parent":"hand2","length":9.84,"x":10.32,"y":5.97,"rotation":7.36,"color":"ffc4f7ff"},{"name":"bone","parent":"pinky","length":7.17,"x":6.61,"y":-0.16,"rotation":-26.36,"color":"ffdf29ff"},{"name":"bone2","parent":"middle finger","length":9.01,"x":6.7,"y":-0.07,"rotation":-9.82,"color":"dfff5fff"},{"name":"bone3","parent":"index","length":5.59,"x":5.77,"y":-0.08,"rotation":-14.98,"color":"fdff85ff"},{"name":"bone4","parent":"thumb","length":8.17,"x":7.75,"y":-0.1,"rotation":3.15,"color":"f6ffb0ff"},{"name":"bone5","parent":"pinky2","length":5.96,"x":8.11,"y":-0.02,"rotation":-17.07,"color":"ff62b4ff"},{"name":"bone6","parent":"middle finger2","length":6.81,"x":6.71,"y":-0.12,"rotation":-11.22,"color":"f582e5ff"},{"name":"bone7","parent":"index2","length":5.9,"x":5.7,"y":0.02,"rotation":-18.29,"color":"f79ee7ff"},{"name":"bone8","parent":"thumb2","length":5.7,"x":10.35,"y":-0.29,"rotation":-12.86,"color":"ffc4f7ff"}],"slots":[{"name":"arm2","bone":"arrm 7","color":"b3b3b3ff","attachment":"arm"},{"name":"hand2","bone":"hand2","color":"abababff","attachment":"hand"},{"name":"handlaser2","bone":"hand2","attachment":"handlaser"},{"name":"index-finger2","bone":"bone7","color":"abababff","attachment":"index-finger"},{"name":"middle-finger2","bone":"bone6","color":"a3a3a3ff","attachment":"middle-finger"},{"name":"pinky2","bone":"bone5","color":"b0b0b0ff","attachment":"pinky"},{"name":"thumb2","bone":"bone8","color":"abababff","attachment":"thumb"},{"name":"silhouette","bone":"body","attachment":"silhouette"},{"name":"glass","bone":"body","color":"64ecffff","attachment":"glass","blend":"screen"},{"name":"antenna","bone":"antenna front","attachment":"antenna"},{"name":"calf2","bone":"calf2","color":"bdbdbdff","attachment":"calf"},{"name":"thigh2","bone":"thigh2","color":"c9c9c9ff","attachment":"thigh"},{"name":"foot2","bone":"foot2","color":"abababff","attachment":"foot"},{"name":"toe2","bone":"toe2","color":"e3e3e3ff","attachment":"toe"},{"name":"knee2","bone":"knee2","color":"adadadff","attachment":"knee"},{"name":"hinge3","bone":"hinge 2","color":"a0a7a8ff","attachment":"hinge"},{"name":"screw2","bone":"hinge 2","attachment":"screw"},{"name":"tongue","bone":"tongue","attachment":"tongue"},{"name":"tube-glow-3","bone":"body","attachment":"tube-glow-3"},{"name":"tube-glow-2","bone":"body","attachment":"tube-glow-2"},{"name":"tube-glow-1","bone":"body","attachment":"tube-glow-1"},{"name":"matter_low","bone":"body","attachment":"matter_low"},{"name":"matter_mid","bone":"body","attachment":"matter_mid"},{"name":"matter_high","bone":"body","attachment":"matter_high"},{"name":"coil3","bone":"body","attachment":"coil3"},{"name":"coil2","bone":"body","attachment":"coil2"},{"name":"coil1","bone":"body","attachment":"coil1"},{"name":"t_3","bone":"body","attachment":"t_3"},{"name":"t_2","bone":"body","attachment":"t_2"},{"name":"t_1","bone":"body","attachment":"t_1"},{"name":"tube-metal","bone":"body","attachment":"tube-metal"},{"name":"plug-pins","bone":"tail 5","attachment":"plug-pins"},{"name":"plug-rope","bone":"body","attachment":"plug-rope"},{"name":"plug-base","bone":"tail 5","attachment":"plug-base"},{"name":"plug-plastic","bone":"tail 5","attachment":"plug-plastic"},{"name":"body","bone":"body","attachment":"body"},{"name":"calf","bone":"calf","attachment":"calf"},{"name":"thigh","bone":"thigh","attachment":"thigh"},{"name":"foot","bone":"foot","attachment":"foot"},{"name":"toe","bone":"toe","attachment":"toe"},{"name":"knee","bone":"knee","attachment":"knee"},{"name":"hinge","bone":"hinge","attachment":"hinge"},{"name":"screw","bone":"hinge","attachment":"screw"},{"name":"eye-base","bone":"body","attachment":"eye-base"},{"name":"eye-metal","bone":"body","attachment":"eye-metal"},{"name":"eye-studs","bone":"body","attachment":"eye-studs"},{"name":"eye-lens","bone":"body","attachment":"eye-lens"},{"name":"eye_glow","bone":"body","attachment":"eye_glow"},{"name":"nose","bone":"body","attachment":"nose"},{"name":"arm","bone":"arrm 6","attachment":"arm"},{"name":"hand","bone":"hand","attachment":"hand"},{"name":"handlaser","bone":"hand","attachment":"handlaser"},{"name":"index-finger","bone":"bone3","attachment":"index-finger"},{"name":"middle-finger","bone":"bone2","attachment":"middle-finger"},{"name":"pinky","bone":"bone","attachment":"pinky"},{"name":"thumb","bone":"bone4","attachment":"thumb"},{"name":"ear-plate","bone":"ear plate front","attachment":"ear-plate"},{"name":"smoke 1","bone":"smoke"},{"name":"smoke 2","bone":"smoke2"}],"skins":{"default":{"antenna":{"antenna":{"type":"skinnedmesh","uvs":[0,0.63626,0.04123,0.58109,0.08469,0.52293,0.20295,0.36293,0.29338,0.1996,0.35251,0.08293,0.42903,0,0.57512,0.0096,0.58208,0.24293,0.53302,0.32541,0.48295,0.4096,0.39251,0.53293,0.26903,0.70626,0.20121,0.79293,0.2899,0.78293,0.38556,0.63293,0.5386,0.4896,0.63773,0.2896,0.7386,0.16293,0.79251,0,1,0,1,0.1796,1,0.3496,0.84816,0.5896,0.71947,0.70293,0.60816,0.8396,0.46729,0.9696,0.2899,0.96293,0.18382,0.8496,0.05686,0.91626,0,0.91293],"triangles":[11,12,2,28,29,13,0,13,29,8,5,6,6,7,8,5,9,4,3,4,10,2,3,11,0,29,30,1,2,12,0,1,13,13,1,12,28,13,14,11,3,10,10,4,9,8,9,5,19,20,21,18,19,21,18,21,22,22,17,18,23,17,22,16,17,23,24,16,23,15,16,24,25,15,24,14,15,25,26,27,14,27,28,14,25,26,14],"vertices":[1,12,-0.15,3.11,1,1,12,0.99,2.93,1,1,12,2.19,2.73,1,1,12,5.48,2.23,1,1,12,8.34,2.19,1,1,12,10.29,2.26,1,1,12,12.25,1.75,1,1,12,14.58,-0.66,1,1,12,12.76,-2.78,1,1,12,11.26,-2.71,1,1,12,9.72999,-2.64,1,1,12,7.2,-2.26,1,1,12,3.71,-1.78,1,1,12,1.87,-1.45,1,1,4,-2.71,2.66,1,1,4,0.12,2.63,1,1,4,3.92,1.69,1,1,4,7.21,2.07,1,1,4,9.97,1.75,1,1,4,12.17,2.45,1,1,4,15.83,-0.6,1,1,4,14.45,-2.25,1,1,4,13.14,-3.82,1,1,4,8.62,-3.79,1,1,4,5.47,-2.93,1,1,4,2.46,-2.55,1,1,4,-1.02,-1.66,1,1,4,-4.1,1,1,1,12,1.11,-1.66,1,1,12,-1.54,-0.21,1,1,12,-2.45,0.72,1],"hull":31,"edges":[4,6,6,8,8,10,10,12,12,14,14,16,20,22,22,24,24,26,26,28,28,30,30,32,32,34,34,36,36,38,38,40,44,46,46,48,48,50,50,52,52,54,54,56,56,58,58,60,0,60,12,16,16,18,18,20,10,18,0,2,2,4,2,26,40,42,42,44,38,42],"width":23,"height":12}},"arm":{"arm":{"type":"skinnedmesh","uvs":[1,0.21793,1,0.42812,1,0.60881,1,0.78581,1,1,0,1,0,0.78581,0,0.60512,0,0.42812,0,0.21425,0,0,1,0],"triangles":[5,3,4,5,6,3,6,2,3,6,7,2,7,1,2,7,8,1,8,0,1,8,9,0,9,11,0,9,10,11],"vertices":[2,5,13.72,4.19999,0.50751,13,-0.16,4.31,0.49248,2,13,13.28,4.09,0.62151,18,-0.74,4.06,0.37848,1,18,10.82,4.15,1,1,23,6.33,4.35,1,2,23,20.04,4.46,3.4E-4,28,4.84,4.19,0.99965,3,18,35.91999,-4.64,0,23,20.11,-4.53,0.02169,28,4.62,-4.8,0.9783,2,18,22.22,-4.75,0.00126,23,6.4,-4.63,0.99873,2,18,10.65,-4.84,0.9848,23,-5.15,-4.73,0.01519,2,13,13.13,-4.89,0.61375,18,-0.66,-4.92999,0.38624,2,5,13.41,-4.79,0.5644,13,-0.54,-4.67999,0.43559,2,5,-0.29,-4.67999,0.99999,13,-14.25,-4.46,0,2,5,-0.22,4.31,0.99999,13,-14.11,4.53,0],"hull":12,"edges":[8,10,20,22,18,20,0,22,18,0,16,18,0,2,16,2,14,16,2,4,14,4,10,12,12,14,4,6,6,8,12,6],"width":9,"height":64}},"arm2":{"arm":{"type":"skinnedmesh","uvs":[1,0.21793,1,0.42812,1,0.60881,1,0.78581,1,1,0,1,0,0.78581,0,0.60512,0,0.42812,0,0.21425,0,0,1,0],"triangles":[5,3,4,5,6,3,6,2,3,6,7,2,7,1,2,7,8,1,8,0,1,8,9,0,9,11,0,9,10,11],"vertices":[2,6,13.72,4.19999,0.50751,14,-0.16,4.31,0.49248,2,14,13.28,4.09,0.62151,19,-0.74,4.06,0.37848,1,19,10.82,4.15,1,1,24,6.33,4.35,1,2,24,20.04,4.46,3.4E-4,29,4.84,4.19,0.99965,3,19,35.91999,-4.64,0,24,20.11,-4.53,0.02169,29,4.62,-4.8,0.9783,2,19,22.22,-4.75,0.00126,24,6.4,-4.63,0.99873,2,19,10.65,-4.84,0.9848,24,-5.15,-4.73,0.01519,2,14,13.13,-4.89,0.61375,19,-0.66,-4.92999,0.38624,2,6,13.41,-4.79,0.5644,14,-0.54,-4.67999,0.43559,2,6,-0.29,-4.67999,0.99999,14,-14.25,-4.46,0,2,6,-0.22,4.31,0.99999,14,-14.11,4.53,0],"hull":12,"edges":[8,10,20,22,18,20,0,22,18,0,16,18,0,2,16,2,14,16,2,4,14,4,10,12,12,14,4,6,6,8,12,6],"width":9,"height":64}},"body":{"body":{"x":33.09,"y":9.32,"rotation":-81.05,"width":127,"height":129}},"calf":{"calf":{"type":"skinnedmesh","uvs":[1,0.08065,1,0.90875,1,1,0.69611,1,0.30404,1,0,1,0,0.91216,0,0.08406,0,0,0.27388,0,0.676,0,1,0,0.28362,0.08309,0.66649,0.08179,0.30351,0.91112,0.69482,0.90979],"triangles":[4,15,3,3,1,2,5,14,4,7,9,12,6,7,12,6,12,14,13,10,0,15,13,0,1,15,0,14,12,13,14,13,15,4,14,15,3,15,1,12,9,13,5,6,14,10,11,0,7,8,9,13,9,10],"vertices":[2,15,13.99,5.99,0.49599,20,-1.72,5.81,0.504,1,20,47.11,6.98,1,2,20,52.5,7.11,0.19199,25,6.31,9.12,0.808,2,20,52.57,4.07,0.21431,25,6.97,6.15,0.78568,2,20,52.66,0.15,0.20432,25,7.82,2.32,0.79567,1,25,8.47999,-0.64,1,2,20,47.55,-3,0.62399,25,3.42,-1.76,0.376,2,15,14.59,-3.99,0.20797,20,-1.28,-4.17,0.79202,2,15,9.63,-4.17999,0.904,20,-6.24,-4.29,0.09599,2,15,9.52,-1.45,0.89599,20,-6.3,-1.55,0.104,2,15,9.35999,2.56,0.7002,20,-6.4,2.46,0.29979,2,15,9.24,5.8,0.80872,20,-6.48,5.7,0.19127,2,15,14.42,-1.15,0.21599,20,-1.4,-1.34,0.784,2,15,14.19,2.66,0.26786,20,-1.57,2.48,0.73213,1,20,47.42,0.02,1,1,20,47.25,3.93,1],"hull":12,"edges":[14,16,0,22,16,18,24,14,18,24,18,20,20,22,0,26,26,24,20,26,10,12,12,14,0,2,2,4,28,12,8,10,28,8,2,30,30,28,4,6,6,8,30,6],"width":10,"height":59}},"calf2":{"calf":{"type":"skinnedmesh","uvs":[1,0.08065,1,0.90875,1,1,0.69611,1,0.30404,1,0,1,0,0.91216,0,0.08406,0,0,0.27388,0,0.676,0,1,0,0.28362,0.08309,0.66649,0.08179,0.30351,0.91112,0.69482,0.90979],"triangles":[4,15,3,3,1,2,5,14,4,7,9,12,6,7,12,6,12,14,13,10,0,15,13,0,1,15,0,14,12,13,14,13,15,4,14,15,3,15,1,12,9,13,5,6,14,10,11,0,7,8,9,13,9,10],"vertices":[2,16,13.99,5.99,0.49599,21,-1.72,5.81,0.504,1,21,47.11,6.98,1,2,21,52.5,7.11,0.19199,26,6.31,9.12,0.808,2,21,52.57,4.07,0.21431,26,6.97,6.15,0.78568,2,21,52.66,0.15,0.20432,26,7.82,2.32,0.79567,1,26,8.47999,-0.64,1,2,21,47.55,-3,0.62399,26,3.42,-1.76,0.376,2,16,14.59,-3.99,0.20797,21,-1.28,-4.17,0.79202,2,16,9.63,-4.17999,0.904,21,-6.24,-4.29,0.09599,2,16,9.52,-1.45,0.89599,21,-6.3,-1.55,0.104,2,16,9.35999,2.56,0.7002,21,-6.4,2.46,0.29979,2,16,9.24,5.8,0.80872,21,-6.48,5.7,0.19127,2,16,14.42,-1.15,0.21599,21,-1.4,-1.34,0.784,2,16,14.19,2.66,0.26786,21,-1.57,2.48,0.73213,1,21,47.42,0.02,1,1,21,47.25,3.93,1],"hull":12,"edges":[14,16,0,22,16,18,24,14,18,24,18,20,20,22,0,26,26,24,20,26,10,12,12,14,0,2,2,4,28,12,8,10,28,8,2,30,30,28,4,6,6,8,30,6],"width":10,"height":59}},"coil1":{"coil1":{"x":73.48,"y":85.38,"rotation":-81.05,"width":38,"height":40}},"coil2":{"coil2":{"x":21.61,"y":94.9,"rotation":-81.05,"width":35,"height":32}},"coil3":{"coil3":{"x":-28.01,"y":77.08,"rotation":-81.05,"width":40,"height":35}},"ear-plate":{"ear-plate":{"x":17.16,"y":-0.05,"rotation":90.9,"width":61,"height":39}},"eye-base":{"eye-base":{"x":72.49,"y":25.08,"rotation":-81.05,"width":45,"height":43}},"eye-lens":{"eye-lens":{"x":80.42,"y":33.98,"rotation":-81.05,"width":43,"height":43}},"eye-metal":{"eye-metal":{"x":79.9,"y":33.84,"rotation":-81.05,"width":54,"height":51}},"eye-studs":{"eye-studs":{"x":79.11,"y":32.14,"rotation":-81.05,"width":58,"height":54}},"eye_glow":{"eye_glow":{"x":86.8,"y":34.25,"rotation":-81.05,"width":107,"height":94}},"foot":{"foot":{"type":"skinnedmesh","uvs":[0.22521,0,0.09321,0.1142,0,0.36877,0,0.51334,0,0.73334,0,0.8842,0,1,0.21499,0.99783,0.70259,1,1,1,1,0.90934,0.94862,0.80219,0.9169,0.71178,0.81096,0.45991,0.70972,0.29391,0.62121,0.14877,0.41909,0,0.19582,0.74056,0.6249,0.70443,0.19706,0.53369,0.52137,0.50383,0.22455,0.24585,0.4065,0.22893,0.20071,0.88594,0.68405,0.88792,0.84695,0.8525,0.79304,0.95108],"triangles":[8,26,9,26,10,9,26,24,10,24,25,10,25,11,10,8,24,26,7,24,8,6,23,7,6,5,23,7,23,24,23,18,24,24,18,25,5,17,23,23,17,18,5,4,17,17,20,18,17,19,20,17,4,19,18,20,13,18,13,12,25,18,12,25,12,11,4,3,19,19,22,20,19,21,22,21,19,2,19,3,2,20,14,13,20,22,14,2,1,21,22,15,14,22,21,0,21,1,0,22,16,15,22,0,16],"vertices":[1,25,-1.34,-0.5,1,1,25,4.25,-3.59,1,1,25,15.33,-4.19,1,1,25,21.26,-2.88,1,2,25,30.28,-0.88,0.01264,30,1.78,-5.73,0.98735,2,25,36.46,0.48,0,30,5.56,-10.81,0.99999,2,25,41.21,1.53,0,30,8.47,-14.71,0.99999,2,25,39.31,10.10999,0,30,15.52,-9.46,0.99999,2,30,27.38,-0.63,0.42091,37,0.39,-1.03,0.57908,1,37,8.81,-0.75,1,1,37,8.68,3.05,1,3,25,27.22,29.99,0.04907,30,28.7,9.7,0.32144,37,7.37,6.7,0.62948,2,25,23.05,27.56,0.13245,30,24.77,12.51,0.86754,2,25,13.46,21.96,0.57489,30,15.73,18.96999,0.42509,2,25,7.35,17.29,0.87658,30,8.97,22.63,0.12341,2,25,2.02,13.21,0.98185,30,3.05,25.82,0.01813,1,25,-2.68,5.54,1,1,30,8.34,-0.54,1,2,25,25.24,19.21999,0.12808,30,18.04999,7.1,0.8719,3,25,19.91,5.04,0.58449,30,2.94,6.15,0.41468,37,-15.8,18.45999,8.2E-4,2,25,17.45,15.41,0.56194,30,11.39,12.64,0.43805,3,25,14.46,3.62,0.97067,30,-0.58,10.53,0.0293,37,-16.20999,24.07,1.0E-5,2,25,11.41,12.45,0.82659,30,6.21,16.94,0.1734,2,25,34.59,8.88,0,30,12.46,-5.66,0.99999,2,25,31.77,22.41,0.00813,30,23.65,2.45,0.99186,3,25,29.38,27.35,0.02609,30,27.18,6.65,0.40174,37,4.38,5.06,0.57216,3,25,33.7,26.99,5.1E-4,30,28.62,2.56,0.29133,37,3.24,0.88,0.70815],"hull":17,"edges":[0,2,2,4,18,20,30,32,0,32,12,14,14,16,16,18,8,34,34,36,24,26,36,24,4,6,6,8,38,34,6,38,40,36,38,40,40,26,0,42,42,38,4,42,32,44,44,40,42,44,26,28,28,30,44,28,8,10,10,12,14,46,46,34,10,46,16,48,48,36,46,48,48,20,20,22,22,24],"width":32,"height":42}},"foot2":{"foot":{"type":"skinnedmesh","uvs":[0.22521,0,0.09321,0.1142,0,0.36877,0,0.51334,0,0.73334,0,0.8842,0,1,0.21499,0.99783,0.70259,1,1,1,1,0.90934,0.94862,0.80219,0.9169,0.71178,0.81096,0.45991,0.70972,0.29391,0.62121,0.14877,0.41909,0,0.19582,0.74056,0.6249,0.70443,0.19706,0.53369,0.52137,0.50383,0.22455,0.24585,0.4065,0.22893,0.20071,0.88594,0.68405,0.88792,0.84695,0.8525,0.79304,0.95108],"triangles":[8,26,9,26,10,9,26,24,10,24,25,10,25,11,10,8,24,26,7,24,8,6,23,7,6,5,23,7,23,24,23,18,24,24,18,25,5,17,23,23,17,18,5,4,17,17,20,18,17,19,20,17,4,19,18,20,13,18,13,12,25,18,12,25,12,11,4,3,19,19,22,20,19,21,22,21,19,2,19,3,2,20,14,13,20,22,14,2,1,21,22,15,14,22,21,0,21,1,0,22,16,15,22,0,16],"vertices":[1,26,-1.34,-0.5,1,1,26,4.25,-3.59,1,1,26,15.33,-4.19,1,1,26,21.26,-2.88,1,2,26,30.28,-0.88,0.01264,31,1.78,-5.73,0.98735,2,26,36.46,0.48,0,31,5.56,-10.81,0.99999,2,26,41.21,1.53,0,31,8.47,-14.71,0.99999,2,26,39.31,10.10999,0,31,15.52,-9.46,0.99999,2,31,27.38,-0.63,0.42091,38,0.39,-1.03,0.57908,1,38,8.81,-0.75,1,1,38,8.68,3.05,1,3,26,27.22,29.99,0.04907,31,28.7,9.7,0.32144,38,7.37,6.7,0.62948,2,26,23.05,27.56,0.13245,31,24.77,12.51,0.86754,2,26,13.46,21.96,0.57489,31,15.73,18.96999,0.42509,2,26,7.35,17.29,0.87658,31,8.97,22.63,0.12341,2,26,2.02,13.21,0.98185,31,3.05,25.82,0.01813,1,26,-2.68,5.54,1,1,31,8.34,-0.54,1,2,26,25.24,19.21999,0.12808,31,18.04999,7.1,0.8719,3,26,19.91,5.04,0.58449,31,2.94,6.15,0.41468,38,-15.8,18.45999,8.2E-4,2,26,17.45,15.41,0.56194,31,11.39,12.64,0.43805,3,26,14.46,3.62,0.97067,31,-0.58,10.53,0.0293,38,-16.20999,24.07,1.0E-5,2,26,11.41,12.45,0.82659,31,6.21,16.94,0.1734,2,26,34.59,8.88,0,31,12.46,-5.66,0.99999,2,26,31.77,22.41,0.00813,31,23.65,2.45,0.99186,3,26,29.38,27.35,0.02609,31,27.18,6.65,0.40174,38,4.38,5.06,0.57216,3,26,33.7,26.99,5.1E-4,31,28.62,2.56,0.29133,38,3.24,0.88,0.70815],"hull":17,"edges":[0,2,2,4,18,20,30,32,0,32,12,14,14,16,16,18,8,34,34,36,24,26,36,24,4,6,6,8,38,34,6,38,40,36,38,40,40,26,0,42,42,38,4,42,32,44,44,40,42,44,26,28,28,30,44,28,8,10,10,12,14,46,46,34,10,46,16,48,48,36,46,48,48,20,20,22,22,24],"width":32,"height":42}},"glass":{"glass":{"x":48.24,"y":-21.25,"rotation":-81.05,"width":62,"height":69}},"hand":{"hand":{"type":"skinnedmesh","uvs":[0.49824,0,0.22154,0,0,0.18542,0,0.77342,0.23307,1,0.59048,1,1,0.62097,1,0.15638,0.77495,0,0.49772,0.17097],"triangles":[9,8,7,9,0,8,9,1,0,2,1,9,9,7,6,3,2,9,3,9,6,5,4,3,6,5,3],"vertices":[1,28,-2.56,-1.74,1,1,28,-2.67,-6.44,1,2,33,3.35,-7.56,0.79999,28,2.24,-10.32,0.2,2,33,19.19,-6.44,0.99994,28,18.11,-10.68,5.0E-5,1,33,25.01,-2.05,1,2,33,24.58,4,0.98718,28,24.46,-0.79,0.01281,1,33,13.88,10.22,1,2,33,1.37,9.33,0.40799,28,1.85,6.68,0.592,1,28,-2.45,2.96,1,2,33,2.36999,0.84,0.66441,28,2.05,-1.85,0.33558],"hull":9,"edges":[2,4,4,6,6,8,8,10,10,12,12,14,14,16,2,0,0,16,4,18,18,14,0,18,6,12],"width":17,"height":27}},"hand2":{"hand":{"x":11.23,"y":1.51,"rotation":94.05,"width":17,"height":27}},"handlaser":{"handlaser":{"type":"mesh","uvs":[1,1,0.74763,1,0.44513,1,0.16924,0.93605,0,0.89682,0,0.12359,0.15333,0.07133,0.36263,0,0.74763,0,1,0],"triangles":[3,4,5,3,6,7,3,5,6,2,7,8,3,7,2,1,2,8,8,9,0,1,8,0],"vertices":[18.85,-0.78,18.93,-1.78,19.01,-2.99,18.01,-4.17,17.39,-4.89,4.28,-5.82,3.35,-5.27,2.08,-4.52,1.97,-2.99,1.9,-1.98],"hull":10,"edges":[0,18,8,10,14,16,16,18,0,2,2,4,16,2,14,4,10,12,12,14,4,6,6,8,12,6],"width":4,"height":17}},"handlaser2":{"handlaser":{"x":10.52,"y":-3.37,"rotation":94.05,"width":4,"height":17}},"hinge":{"hinge":{"type":"skinnedmesh","uvs":[0,0.32064,0.14218,1,0.7558,1,0.94536,0.22375,1,0,0.75116,0,0.53267,0,0.33278,0,0.16543,0,0,0,0,0.20597,0,0.32883,0.16497,0.19555,0.32799,0.20144,0.53254,0.20883,0.76032,0.21707],"triangles":[1,13,14,2,1,14,2,14,15,2,15,3,1,0,13,0,12,13,0,10,12,4,3,5,15,14,5,14,6,5,3,15,5,14,13,6,6,13,7,10,9,12,13,12,7,7,12,8,12,9,8],"vertices":[1,1,-6.47,18.01,1,1,2,20.79999,-11.2,1,1,2,22.41,11.44,1,2,1,-0.28,-16.45999,0.30399,2,6.65,19.59,0.69599,1,1,4.62,-17.91,1,1,1,3.52,-8.77,1,1,1,2.56,-0.74,1,1,1,1.67,6.59,1,1,1,0.94,12.74,1,1,1,0.21,18.82,1,2,1,-3.74,18.34,0.488,2,3.46,-15.24,0.51199,1,2,6.37,-15.45,1,2,1,-3.13,12.27,0.504,2,4.01,-9.16,0.49599,2,1,-2.54,6.26,0.432,2,4.56,-3.15,0.56799,2,1,-1.79,-1.26,0.60799,2,5.25,4.37,0.39199,2,1,-0.96,-9.64999,0.584,2,6.02,12.77,0.41599],"hull":12,"edges":[0,2,2,4,0,22,18,20,20,22,4,6,6,8,16,18,24,20,16,24,14,16,26,24,14,26,12,14,28,26,12,28,8,10,10,12,6,30,30,28,10,30],"width":37,"height":21}},"hinge3":{"hinge":{"type":"skinnedmesh","uvs":[0,0.32064,0.14218,1,0.7558,1,0.94536,0.22375,1,0,0.75116,0,0.53267,0,0.33278,0,0.16543,0,0,0,0,0.20597,0,0.32883,0.16497,0.19555,0.32799,0.20144,0.53254,0.20883,0.76032,0.21707],"triangles":[2,15,3,2,14,15,1,13,14,2,1,14,1,0,13,12,9,8,7,12,8,13,12,7,10,9,12,6,13,7,14,13,6,3,15,5,14,6,5,15,14,5,4,3,5,0,10,12,0,12,13],"vertices":[1,1,-4.96,5.46,1,1,3,20.87999,-10.12,1,1,3,22.48,12.51,1,2,1,1.22,-29.02,0.50399,3,6.72,20.66,0.496,1,1,6.12,-30.46,1,1,1,5.03,-21.32,1,1,1,4.06,-13.3,1,1,1,3.18,-5.95,1,1,1,2.44,0.18,1,1,1,1.71,6.26,1,2,1,-2.23,5.79,0.51999,3,3.53,-14.17,0.48,1,3,6.45,-14.38,1,2,1,-1.63,-0.28,0.528,3,4.09,-8.09,0.47199,2,1,-1.03,-6.28,0.55198,3,4.64,-2.08,0.448,2,1,-0.28,-13.81,0.376,3,5.33,5.45,0.62399,2,1,0.54,-22.2,0.40799,3,6.1,13.84,0.592],"hull":12,"edges":[0,2,2,4,0,22,18,20,20,22,4,6,6,8,16,18,24,20,16,24,14,16,26,24,14,26,12,14,28,26,12,28,8,10,10,12,6,30,30,28,10,30],"width":37,"height":21}},"index-finger":{"index-finger":{"type":"skinnedmesh","uvs":[0.33256,0.11509,0.31815,0.21501,0.30756,0.28842,0.27329,0.34455,0.23756,0.40309,0.09915,0.50874,0,0.58442,0,0.82975,0.12756,0.93109,0.25256,1,0.44756,1,0.70256,0.82975,0.80208,0.69637,0.89756,0.56842,0.95756,0.36042,0.95477,0.23238,0.95256,0.13109,0.74256,0.06175,0.25301,0.81935],"triangles":[4,11,5,18,5,11,6,5,18,7,6,18,12,11,4,8,7,18,9,8,18,10,9,18,11,10,18,2,1,15,14,2,15,13,2,14,3,2,13,12,3,13,4,3,12,15,1,17,1,0,17,17,16,15],"vertices":[1,33,22.39,-3.04,1,2,33,23.89,-3.05,0.04799,39,1.24,-2.26,0.952,2,39,2.33999,-2.15,0.99643,49,-2.78,-2.89,0.00356,2,39,3.21,-2.28,0.95967,49,-1.9,-2.78,0.04032,2,39,4.13,-2.42,0.81591,49,-0.98,-2.68,0.18408,2,39,5.88,-3.24,0.27824,49,0.91,-3.02,0.72175,2,39,7.13,-3.83,0.08537,49,2.27,-3.27,0.91462,1,49,5.62,-1.73,1,1,49,6.57,-0.16,1,1,49,7.09,1.16999,1,1,49,6.44,2.58,1,1,49,3.27,3.37,1,2,39,7.7,2.77,0.12005,49,1.12,3.26,0.87994,3,33,28.85,1.94,0.00105,39,5.68,3.2,0.57788,49,-0.94,3.15,0.42106,3,33,25.71,2.2,0.10937,39,2.52,3.14,0.88413,49,-3.97,2.28,0.00649,3,33,23.79,2.04,0.44862,39,0.63,2.8,0.55136,49,-5.71,1.46,0,1,33,22.28,1.91,1,1,33,21.36,0.16,1,1,49,4.63,0.04,1],"hull":18,"edges":[12,14,14,16,16,18,18,20,20,22,26,28,32,34,0,34,0,2,2,4,28,30,30,32,2,30,22,24,24,26,8,24,4,28,4,6,6,8,6,26,8,10,10,12,10,22,12,36,36,20,16,36],"width":8,"height":15}},"index-finger2":{"index-finger":{"type":"skinnedmesh","uvs":[0.91147,0.08285,1,0.40819,0.82147,0.70952,0.56647,1,0.26147,1,0,0.84819,0,0.66152,0.09647,0.58419,0.23647,0.41885,0.28647,0.26685,0.41647,0.08552,0.55647,0],"triangles":[2,3,8,5,7,4,7,8,4,3,4,8,5,6,7,8,9,2,2,9,1,1,9,10,11,1,10,1,11,0],"vertices":[1,34,21.58,1.53,1,3,34,26.4,2.58999,0.03999,40,3.14,3.63,0.913,53,-3.56,2.61999,0.04699,2,40,7.84,3.02,0.13416,53,1.08,3.52,0.86583,1,53,5.88,3.81,1,1,53,7.05,1.67,1,2,40,11.06,-3.06,0,53,6.05,-1.25,0.99999,2,40,8.3,-3.56,5.1E-4,53,3.59,-2.58999,0.99948,2,40,7.02,-3.01,0.05767,53,2.2,-2.46,0.94232,2,40,4.38,-2.34999,0.80312,53,-0.5,-2.66,0.19687,3,34,23.2,-3.19,0.19149,40,0.58,-2.46,0.8085,53,-4.07,-3.97,0,1,34,21.51,-2.55,1,1,34,20.54,-1.38,1],"hull":12,"edges":[20,18,18,16,16,14,14,12,10,12,10,8,6,8,6,4,4,2,2,0,0,22,22,20],"width":8,"height":15}},"knee":{"knee":{"x":7.08,"y":3.57,"rotation":92.26,"width":25,"height":26}},"knee2":{"knee":{"x":7.08,"y":3.57,"rotation":92.26,"width":25,"height":26}},"matter_high":{"matter_high":{"x":72.81,"y":85.98,"rotation":-81.05,"width":45,"height":52}},"matter_low":{"matter_low":{"x":-29.27,"y":79.23,"rotation":-81.05,"width":49,"height":47}},"matter_mid":{"matter_mid":{"x":21.02,"y":100.15,"rotation":-81.05,"width":46,"height":37}},"middle-finger":{"middle-finger":{"type":"skinnedmesh","uvs":[0.72636,0,0.4997,0.05102,0.38414,0.20396,0.3797,0.33807,0.27057,0.46019,0.18414,0.5569,0.08302,0.61763,0,0.66749,0,0.91454,0.26858,1,0.74858,1,0.86858,0.81572,0.93033,0.64436,1,0.45102,1,0.27925,1,0.10513],"triangles":[1,0,15,1,15,14,11,10,5,9,7,6,9,6,10,5,10,6,9,8,7,5,4,11,11,4,12,4,3,12,12,3,13,3,14,13,3,2,14,2,1,14],"vertices":[1,33,19.69,2.46,1,1,33,20.7,0.49,1,2,41,1.07,-1.98,1,33,23.36,-0.36,0,2,41,3.6,-1.64,0.894,48,-2.75,-2.01,0.10599,2,41,6.07,-2.26,0.08085,48,-0.19,-2.25,0.91913,1,48,1.83,-2.44,1,1,48,3.26,-2.95,1,1,48,4.42999,-3.37,1,1,48,8.87,-1.98,1,2,41,16.21999,-0.75,0.00523,48,9.51,0.78,0.99476,2,41,15.41,3.5,0.2919,48,7.9,4.85,0.70809,2,41,11.75,4.05,0.7483,48,4.17999,4.83,0.25169,2,41,8.42,4.11,0.99972,48,0.9,4.38,2.6E-4,1,41,4.67,4.17999,1,1,41,1.45,3.69,1,1,33,21.3,5.04,1],"hull":16,"edges":[0,2,2,4,4,6,14,16,16,18,18,20,20,22,0,30,26,28,28,30,4,28,6,26,6,8,8,10,22,24,24,26,8,24,10,22,10,12,12,14,12,20,14,18,2,30],"width":9,"height":17}},"middle-finger2":{"middle-finger":{"type":"skinnedmesh","uvs":[1,0.0737,1,0.18664,1,0.29488,0.92677,0.59606,0.85121,0.79135,0.68677,1,0.32232,1,0,0.92547,0,0.6737,0.13121,0.60782,0.20018,0.52296,0.244,0.46903,0.29565,0.40547,0.39343,0.25723,0.44062,0.15573,0.5001,0.06664,0.72232,0],"triangles":[7,8,9,11,5,10,6,10,5,9,10,6,7,9,6,4,5,11,14,1,2,13,14,2,3,13,2,12,13,3,4,12,3,11,12,4,14,15,16,1,14,16,16,0,1],"vertices":[1,34,20.77,5.01,1,2,34,22.68,5.14,0.424,42,-0.28,3.43,0.57599,1,42,1.52,3.75,1,2,42,6.68,4,0.60825,52,-0.84,4.04,0.39173,2,42,10.06,3.91,0.07791,52,2.49,4.62,0.92207,1,52,6.34,4.53,1,1,52,7.53,1.47,1,1,52,7.4,-1.68,1,1,52,3.42,-3.24,1,2,42,8.13,-3.01,0.06222,52,1.94,-2.55,0.93777,2,42,6.6,-2.65,0.39793,52,0.37,-2.49,0.60206,3,34,27.95,-1.29999,6.1E-4,42,5.63,-2.42,0.70954,52,-0.61,-2.46,0.28983,3,34,26.84,-0.91,0.01255,42,4.48,-2.15,0.93745,52,-1.79,-2.42,0.04999,2,34,23.59,-0.98,0.45344,42,1.26,-2.56,0.54654,2,34,22.1,-0.34,0.82211,42,-0.28,-2.08,0.17788,1,34,20.86,0.18,1,1,34,19.69,2.42,1],"hull":17,"edges":[26,24,18,16,14,16,14,12,10,12,10,8,8,6,6,4,0,32,32,30,30,28,28,26,0,2,2,4,28,2,26,4,24,6,20,18,20,10,24,22,22,20,22,8],"width":9,"height":17}},"nose":{"nose":{"x":91.16,"y":-23.82,"rotation":-81.05,"width":17,"height":10}},"pinky":{"pinky":{"type":"skinnedmesh","uvs":[0.62883,0,0.31824,0.10684,0.28427,0.18391,0.36192,0.32008,0.3328,0.46139,0.27053,0.56523,0.23574,0.62325,0.16006,0.69194,0.09986,0.74657,0.0756,0.8776,0.22604,0.95982,0.49295,1,0.67736,0.94954,0.89089,0.75685,1,0.52819,1,0.21474,1,0.19676,1,0],"triangles":[5,4,13,12,5,13,6,5,12,11,10,7,6,11,7,8,7,10,9,8,10,12,11,6,2,1,0,2,0,17,3,2,17,16,3,17,15,3,16,3,15,14,4,3,14,13,4,14],"vertices":[2,33,17.32,4.09,0.44,43,-3.04,-0.8,0.55999,2,33,19.56,1.61,0.48,43,-1.01,-3.45,0.52,2,33,20.9,1.52,0.488,43,0.31,-3.65,0.51199,2,43,2.56,-2.78,0.99667,47,-2.46,-4.14,0.00332,2,43,4.98,-2.86,0.84467,47,-0.26,-3.14,0.15532,2,43,6.78,-3.28,0.19258,47,1.53,-2.72,0.80741,2,43,7.79,-3.52,0.04305,47,2.54,-2.49,0.95694,2,43,9.01,-4.11,2.9E-4,47,3.89,-2.48,0.9997,2,43,9.97,-4.58,7.0E-5,47,4.96999,-2.47,0.99992,2,43,12.21,-4.62,3.0E-5,47,6.99,-1.52,0.99996,1,47,7.5,0.35,1,2,43,14,-0.72,0,47,6.86,2.77,1,1,47,5.28,3.75,1,2,43,9.6,2.52,0.09631,47,1.48,3.73,0.90368,2,43,5.65,3.21,0.83341,47,-2.34999,2.58999,0.16658,1,43,0.34,2.8,1,1,43,0.03,2.78,1,2,33,16.79,7.38,0.55999,43,-3.29,2.52,0.44],"hull":18,"edges":[0,2,2,4,4,6,6,8,16,18,18,20,20,22,22,24,24,26,26,28,28,30,0,34,30,32,32,34,6,32,8,28,8,10,10,12,10,26,12,24,12,14,14,16,14,22,4,34],"width":9,"height":17}},"pinky2":{"pinky":{"type":"skinnedmesh","uvs":[0.79004,0,0.60203,0.02932,0.43893,0.05475,0.27448,0.11123,0.27988,0.15697,0.29226,0.26181,0.32337,0.45475,0.29032,0.51425,0.25671,0.57475,0.16202,0.6261,0.07448,0.67358,0,0.76534,0.00337,0.89711,0.11893,0.9677,0.36337,0.99828,0.63448,0.97475,0.78115,0.84064,0.93671,0.59358,1,0.34181,1,0.19828,1,0.08299,1,0],"triangles":[8,7,16,13,12,11,14,13,10,13,11,10,15,8,16,9,8,15,14,9,15,14,10,9,4,20,19,5,4,19,5,19,18,6,5,18,17,6,18,7,6,17,16,7,17,4,2,1,20,1,0,0,21,20,4,3,2,20,4,1],"vertices":[1,34,17.14,5.8,1,1,34,17.75,4.15,1,1,34,18.29,2.72,1,1,34,19.35,1.30999,1,2,34,20.12,1.41,0.48799,44,0.4,-3.71,0.512,1,44,2.10999,-3.21,1,2,44,5.25,-2.21,0.97581,51,-2.08999,-2.94,0.02418,2,44,6.3,-2.28,0.8435,51,-1.05999,-2.69,0.15649,2,44,7.37,-2.34999,0.50284,51,-0.02,-2.44,0.49715,2,44,8.41,-2.99,0.14134,51,1.15,-2.75,0.85865,2,44,9.37,-3.58,0.03138,51,2.24,-3.03,0.96861,1,51,3.93,-2.84,1,2,44,13.22,-3.37,3.0E-5,51,5.86,-1.7,0.99996,2,44,14.16,-2.08999,0,51,6.38,-0.2,0.99999,1,51,5.74,1.95,1,1,51,4.17999,3.87,1,2,44,10.74,3.24,0.10435,51,1.55,3.89,0.89564,2,44,6.34,3.68,0.87965,51,-2.78,3.02,0.12034,1,44,2.04,3.3,1,1,44,-0.33,2.76,1,2,34,18.41,7.79,0.392,44,-2.24,2.33,0.60799,1,34,17,7.69,1],"hull":22,"edges":[4,6,10,12,20,22,22,24,24,26,26,28,28,30,30,32,32,34,34,36,40,42,0,42,36,38,38,40,0,2,2,4,12,36,12,14,14,16,14,34,16,32,16,18,18,20,18,30,20,28,10,38,6,8,8,10,40,8],"width":9,"height":17}},"plug-base":{"plug-base":{"x":5.88,"y":-1.58,"rotation":-171.51,"width":15,"height":16}},"plug-pins":{"plug-pins":{"x":18.82,"y":-0.98,"rotation":-171.51,"width":11,"height":13}},"plug-plastic":{"plug-plastic":{"x":12.84,"y":-0.93,"rotation":-171.51,"width":5,"height":22}},"plug-rope":{"plug-rope":{"type":"skinnedmesh","uvs":[0.96225,0.18046,1,0.34211,1,0.47021,0.9596,0.60543,0.8628,0.74471,0.7461,0.83824,0.60819,0.91754,0.42386,0.96533,0.2528,1,0,1,0,0.92367,0.23924,0.89173,0.38997,0.8716,0.54993,0.80743,0.65545,0.7651,0.74567,0.66611,0.83449,0.56867,0.84446,0.46278,0.8561,0.3391,0.82051,0.17621,0.78201,0,0.91849,0],"triangles":[8,9,10,8,11,12,8,12,7,8,10,11,6,13,14,6,14,5,7,12,13,7,13,6,3,17,2,16,17,3,4,16,3,15,16,4,5,15,4,14,15,5,19,20,21,19,21,0,18,19,0,18,0,1,18,1,2,17,18,2],"vertices":[1,8,2.99,2.88,1,1,8,12.79,3.87,1,2,8,20.45999,3.29,0.64928,17,-1.65,2.73,0.35071,2,17,6.49,4.4,1,22,-12.91,-3.08,0,2,17,15.94,3.81,1,22,-4.83,1.85,0,2,17,23.27,1.25,0.79062,22,2.63,3.96,0.20937,2,17,30.23,-2.55,0.00463,22,10.51,4.84,0.99536,2,22,19.27,3,0.72204,27,0.52,3.71,0.27794,1,27,8.66,3.6,1,1,27,19.87,0.49,1,1,27,18.64,-3.91,1,1,27,7.53,-2.81,1,2,22,17.76,-2.61999,0.08978,27,0.52,-2.11999,0.91021,1,22,9.47,-2.2,1,1,22,4,-1.93,1,3,8,31.29,-9.26,0,17,13.88,-3.04,0.87959,22,-2.58,-4.94,0.12039,2,17,6.87,-1.74,0.99999,22,-9.07,-7.9,0,3,8,19.46999,-3.8,0.58571,17,0.9,-3.95,0.41428,22,-12.69,-13.14,0,1,8,12.11,-2.71,1,1,8,2.24,-3.6,1,1,8,-8.43,-4.56,1,1,8,-7.95,1.69,1],"hull":22,"edges":[18,20,16,18,16,14,14,12,12,10,10,8,8,6,6,4,4,2,2,0,40,42,0,42,40,38,38,36,0,38,36,34,34,32,4,34,32,30,30,28,8,30,28,26,26,24,12,26,20,22,22,24,16,22],"width":46,"height":60}},"screw":{"screw":{"x":14.01,"y":1.1,"rotation":85.94,"width":6,"height":7}},"screw2":{"screw":{"x":14.01,"y":1.1,"rotation":85.94,"width":6,"height":7}},"silhouette":{"silhouette":{"x":32.32,"y":-29.74,"rotation":-81.05,"width":25,"height":37}},"smoke 1":{"smoke 1":{"x":-3.81,"y":-2.12,"rotation":90.13,"width":70,"height":21},"smoke 2":{"x":-6.4,"y":1.92,"rotation":90.13,"width":96,"height":23},"smoke 3":{"x":10.94,"y":-1.35,"rotation":90.13,"width":123,"height":22},"smoke 4":{"x":25.34,"y":-4.27,"rotation":90.13,"width":163,"height":61},"smoke 5":{"x":43.81,"y":-13.09,"rotation":90.13,"width":148,"height":87},"smoke 6":{"x":34.88,"y":-0.93,"rotation":90.13,"width":50,"height":73},"smoke 7":{"x":34.67,"y":-1.3,"rotation":90.13,"width":57,"height":73},"smoke 8":{"x":33.99,"y":-2.67,"rotation":90.13,"width":50,"height":82}},"smoke 2":{"smoke 1":{"x":-3.81,"y":-2.12,"rotation":90.13,"width":70,"height":21},"smoke 2":{"x":-6.4,"y":1.92,"rotation":90.13,"width":96,"height":23},"smoke 3":{"x":10.94,"y":-1.35,"rotation":90.13,"width":123,"height":22},"smoke 4":{"x":25.34,"y":-4.27,"rotation":90.13,"width":163,"height":61},"smoke 5":{"x":43.81,"y":-13.09,"rotation":90.13,"width":148,"height":87},"smoke 6":{"x":34.88,"y":-0.93,"rotation":90.13,"width":50,"height":73},"smoke 7":{"x":34.67,"y":-1.3,"rotation":90.13,"width":57,"height":73},"smoke 8":{"x":33.99,"y":-2.67,"rotation":90.13,"width":50,"height":82}},"t_1":{"t_1":{"x":84.35,"y":96.81,"rotation":-81.05,"width":19,"height":18}},"t_2":{"t_2":{"x":23.65,"y":108.18,"rotation":-81.05,"width":17,"height":20}},"t_3":{"t_3":{"x":-39.97,"y":87.57,"rotation":-81.05,"width":17,"height":16}},"thigh":{"thigh":{"type":"skinnedmesh","uvs":[1,0.11248,1,0.90453,1,1,0.70291,1,0.34941,1,0,1,0,0.90719,0,0.10717,0,0,0.31911,0,0.73321,0,1,0,0.37048,0.10913,0.74525,0.11113,0.34877,0.90626,0.68244,0.90538],"triangles":[5,14,4,4,15,3,3,1,2,3,15,1,7,9,12,12,10,13,13,11,0,13,0,1,15,12,13,15,13,1,14,7,12,14,12,15,6,7,14,5,6,14,4,14,15,13,10,11,7,8,9,12,9,10],"vertices":[1,9,1.61,5.03,1,2,9,31.71,5.27,0.856,15,-0.07,5.45,0.14399,1,15,3.54,5.59,1,1,15,3.66,2.63,1,1,15,3.8,-0.9,1,1,15,3.94,-4.39,1,2,9,31.89,-4.71999,0.83999,15,0.42,-4.53,0.16,1,9,1.49,-4.96,1,2,2,18.32,-4.61,0.93607,9,-2.57,-4.98999,0.06392,2,2,18.54,-1.43,0.90931,9,-2.59999,-1.8,0.09068,2,2,18.83,2.69,0.83351,9,-2.63,2.33,0.16648,2,2,19.02,5.35,0.87727,9,-2.65,5,0.12272,1,9,1.53,-1.25,1,1,9,1.58,2.49,1,2,9,31.83,-1.23,0.832,15,0.24,-1.04,0.16799,2,9,31.77,2.08999,0.92799,15,0.08,2.28,0.07199],"hull":12,"edges":[14,16,0,22,16,18,24,14,18,24,18,20,20,22,0,26,26,24,20,26,10,12,12,14,0,2,2,4,28,12,8,10,28,8,2,30,30,28,4,6,6,8,30,6],"width":10,"height":38}},"thigh2":{"thigh":{"type":"skinnedmesh","uvs":[1,0.11248,1,0.90453,1,1,0.70291,1,0.34941,1,0,1,0,0.90719,0,0.10717,0,0,0.31911,0,0.73321,0,1,0,0.37048,0.10913,0.74525,0.11113,0.34877,0.90626,0.68244,0.90538],"triangles":[3,1,2,4,15,3,5,14,4,4,14,15,5,6,14,6,7,14,14,12,15,14,7,12,15,13,1,15,12,13,13,0,1,13,11,0,12,10,13,7,9,12,3,15,1,12,9,10,7,8,9,13,10,11],"vertices":[1,10,1.61,5.03,1,2,10,31.71,5.27,0.856,16,-0.07,5.45,0.14399,1,16,3.54,5.59,1,1,16,3.66,2.63,1,1,16,3.8,-0.9,1,1,16,3.94,-4.39,1,2,10,31.89,-4.71999,0.83999,16,0.42,-4.53,0.16,1,10,1.49,-4.96,1,2,3,18.32,-4.61,0.93607,10,-2.57,-4.98999,0.06392,2,3,18.54,-1.43,0.90931,10,-2.59999,-1.8,0.09068,2,3,18.83,2.69,0.83351,10,-2.63,2.33,0.16648,2,3,19.02,5.35,0.87727,10,-2.65,5,0.12272,1,10,1.53,-1.25,1,1,10,1.58,2.49,1,2,10,31.83,-1.23,0.832,16,0.24,-1.04,0.16799,2,10,31.77,2.08999,0.92799,16,0.08,2.28,0.07199],"hull":12,"edges":[14,16,0,22,16,18,24,14,18,24,18,20,20,22,0,26,26,24,20,26,10,12,12,14,0,2,2,4,28,12,8,10,28,8,2,30,30,28,4,6,6,8,30,6],"width":10,"height":38}},"thumb":{"thumb":{"type":"skinnedmesh","uvs":[0.0383,0.13872,0.1983,0.03346,0.4543,0,0.7423,0.05872,0.82905,0.12959,1,0.26925,1,0.44188,1,0.65662,1,0.79977,0.5823,1,0,1,0,0.82083,0,0.6482,0,0.43767,0,0.26925],"triangles":[12,13,6,12,6,7,12,7,8,11,12,8,9,10,11,8,9,11,4,0,2,14,0,4,5,14,4,13,14,5,13,5,6,4,2,3,0,1,2],"vertices":[2,33,10.79,-7.66,0.16799,45,2.09999,-2.32,0.832,1,33,8.74,-7.01,1,1,33,8.01,-5.77,1,1,33,9.02,-4.26,1,2,33,10.34,-3.73,0.232,45,1.74,1.61,0.76799,2,45,4.36,2.58,0.99449,50,-3.23,2.87,0.0055,2,45,7.63,2.73,0.46232,50,0.04,2.84,0.53767,1,50,4.12,2.8,1,2,45,14.43,3.04,0,50,6.84,2.78,1,1,50,10.62,0.64999,1,2,45,18.45,-1.77,0,50,10.59,-2.25,0.99999,2,45,15.05,-1.93,1.0E-5,50,7.19,-2.22,0.99998,2,45,11.78,-2.07,6.0E-5,50,3.91,-2.18,0.99993,2,45,7.78,-2.26,0.4335,50,-0.08,-2.15,0.56649,2,45,4.58,-2.4,0.99894,50,-3.28,-2.11999,0.00105],"hull":15,"edges":[0,2,2,4,4,6,10,12,12,14,14,16,16,18,18,20,20,22,22,24,24,26,26,28,0,28,6,8,8,10,0,8,28,10,24,14,22,16],"width":5,"height":19}},"thumb2":{"thumb":{"type":"skinnedmesh","uvs":[0,0.14684,0.09736,0.04368,0.48136,0.01631,0.84136,0.07315,1,0.17421,1,0.35315,1,0.5721,1,0.72789,1,0.85842,0.78628,0.95338,0.68136,1,0.14536,1,0,0.97421,0,0.85631,0,0.73,0,0.57,0,0.35947],"triangles":[16,0,4,4,0,2,6,16,5,5,16,4,2,3,4,0,1,2,6,15,16,13,7,8,13,14,7,7,14,6,14,15,6,12,13,9,11,12,9,10,11,9,9,13,8],"vertices":[1,54,5.05,-2.36999,1,1,54,6.97,-1.75,1,1,54,7.35,0.2,1,1,54,6.14,1.91,1,1,54,4.17,2.57,1,2,46,11.63,1.8,0.32395,54,0.78,2.33,0.67604,2,46,7.52,2.43,0.99991,54,-3.36,2.03,8.0E-5,2,46,4.6,2.88,0.99998,54,-6.31,1.82,1.0E-5,2,46,2.15,3.26,0.99999,54,-8.79,1.64,0,2,46,0.2,2.48,0.99999,54,-10.51,0.44,0,2,46,-0.75,2.08999,1,54,-11.36,-0.13,0,1,46,-1.15,-0.55,1,1,46,-0.78,-1.34,1,1,46,1.43,-1.68,1,1,46,3.8,-2.04,1,2,46,6.8,-2.51,0.86607,54,-2.96,-2.95,0.13392,2,46,10.76,-3.11,0.03403,54,1.02,-2.66,0.96596],"hull":17,"edges":[0,2,2,4,4,6,6,8,8,10,10,12,12,14,14,16,20,22,22,24,24,26,26,28,28,30,30,32,0,32,32,10,0,8,28,14,26,16,16,18,18,20,24,18],"width":5,"height":19}},"toe":{"toe":{"type":"skinnedmesh","uvs":[0.17259,0,0,0.45178,0,1,1,1,1,0.84553,0.62759,0],"triangles":[1,0,5,4,2,1,1,5,4,3,2,4],"vertices":[2,37,3.38,7.24,0.27998,30,25.11,7.87,0.72,2,37,0.91,3.54,0.19999,30,25.19,3.42,0.8,2,37,1.05999,-0.83,0.544,30,27.81,-0.08,0.45599,1,37,16.04999,-0.32,1,1,37,16.01,0.9,1,1,37,10.2,7.48,1],"hull":6,"edges":[0,2,2,4,4,6,6,8,8,10,0,10],"width":15,"height":8}},"toe2":{"toe":{"type":"skinnedmesh","uvs":[0.17259,0,0,0.45178,0,1,1,1,1,0.84553,0.62759,0],"triangles":[1,0,5,4,2,1,1,5,4,3,2,4],"vertices":[2,38,3.38,7.24,0.27998,31,25.11,7.87,0.72,2,38,0.91,3.54,0.19999,31,25.19,3.42,0.8,2,38,1.05999,-0.83,0.544,31,27.81,-0.08,0.45599,1,38,16.04999,-0.32,1,1,38,16.01,0.9,1,1,38,10.2,7.48,1],"hull":6,"edges":[0,2,2,4,4,6,6,8,8,10,0,10],"width":15,"height":8}},"tongue":{"tongue":{"x":15.61,"y":1.52,"rotation":86.84,"width":6,"height":30}},"tube-glow-1":{"tube-glow-1":{"x":86.34,"y":96.22,"rotation":-81.05,"width":176,"height":178}},"tube-glow-2":{"tube-glow-2":{"x":21.62,"y":116.04,"rotation":-81.05,"width":182,"height":183}},"tube-glow-3":{"tube-glow-3":{"x":-45.64,"y":91.36,"rotation":-81.05,"width":185,"height":185}},"tube-metal":{"tube-metal":{"x":24,"y":64.82,"rotation":-81.05,"width":34,"height":107}}}},"animations":{"jump":{"slots":{"smoke 1":{"attachment":[{"time":0,"name":null},{"time":0.1333,"name":"smoke 1"},{"time":0.2333,"name":"smoke 2"},{"time":0.3333,"name":"smoke 3"},{"time":0.4,"name":"smoke 4"},{"time":0.4333,"name":"smoke 5"},{"time":0.5333,"name":"smoke 6"},{"time":0.9333,"name":null},{"time":0.9666,"name":null},{"time":1.2666,"name":"smoke 7"},{"time":1.3,"name":"smoke 5"},{"time":1.3333,"name":"smoke 4"},{"time":1.3666,"name":"smoke 3"},{"time":1.4,"name":"smoke 2"},{"time":1.5,"name":"smoke 1"},{"time":1.6,"name":null}]},"smoke 2":{"attachment":[{"time":0.1333,"name":"smoke 1"},{"time":0.2333,"name":"smoke 2"},{"time":0.3333,"name":"smoke 3"},{"time":0.3666,"name":"smoke 3"},{"time":0.4,"name":"smoke 4"},{"time":0.4333,"name":"smoke 5"},{"time":0.5333,"name":"smoke 6"},{"time":0.9333,"name":null},{"time":1.2333,"name":"smoke 5"},{"time":1.2666,"name":"smoke 5"},{"time":1.3,"name":"smoke 4"},{"time":1.3333,"name":"smoke 3"},{"time":1.4,"name":"smoke 2"},{"time":1.5,"name":"smoke 1"},{"time":1.6,"name":null}]}},"bones":{"calf":{"rotate":[{"time":0,"angle":-44.39},{"time":0.0333,"angle":-43.31},{"time":0.1,"angle":-35.38},{"time":0.1333,"angle":-39.9,"curve":[0.52,0.08,0.795,0.34]},{"time":0.2333,"angle":-84.25,"curve":[0.269,0.6,0.675,0.91]},{"time":0.2666,"angle":-68.74},{"time":0.3,"angle":-48.24},{"time":0.3333,"angle":-33.99},{"time":0.3666,"angle":-1.43},{"time":0.9333,"angle":-18.34,"curve":[0.452,0,0.868,0.11]},{"time":0.9666,"angle":-67.2,"curve":[0.311,0.1,0.668,0.52]},{"time":1.0333,"angle":-84.43,"curve":[0.352,0.33,0.692,0.68]},{"time":1.0666,"angle":-90.43,"curve":[0.38,0.38,0.721,0.74]},{"time":1.1,"angle":-92.79},{"time":1.1333,"angle":-94.84,"curve":[0.314,0.09,0.689,0.57]},{"time":1.2,"angle":-102.83,"curve":[0.387,0.38,0.733,0.75]},{"time":1.2333,"angle":-111.75},{"time":1.3333,"angle":-77.72,"curve":[0.336,0.08,0.771,0.73]},{"time":1.3666,"angle":-57.13},{"time":1.4,"angle":-53.67,"curve":[0.336,0.08,0.771,0.73]},{"time":1.5,"angle":-72.52}],"translate":[{"time":0,"x":0,"y":0,"curve":"stepped"},{"time":0.9333,"x":0,"y":0}]},"arrm 7":{"translate":[{"time":0,"x":0,"y":0,"curve":"stepped"},{"time":0.9333,"x":0,"y":0}]},"foot2":{"rotate":[{"time":0.0666,"angle":10.55},{"time":0.1,"angle":10.73},{"time":0.1333,"angle":9.56,"curve":[0.52,0.08,0.795,0.34]},{"time":0.2333,"angle":-0.13,"curve":[0.269,0.6,0.675,0.91]},{"time":0.2666,"angle":-4.68},{"time":0.3,"angle":6.99},{"time":0.3333,"angle":12.31},{"time":0.3666,"angle":-14.11},{"time":0.4333,"angle":-5.92,"curve":[0.032,1.02,0.554,1]},{"time":0.4666,"angle":-2.94,"curve":[0.334,0.27,0.673,0.62]},{"time":0.5,"angle":0.95,"curve":[0.352,0.33,0.692,0.68]},{"time":1.2333,"angle":-5.83,"curve":[0.378,0.38,0.718,0.73]},{"time":1.4,"angle":-6.22},{"time":1.5,"angle":12.51}],"translate":[{"time":0,"x":0,"y":0,"curve":"stepped"},{"time":0.9333,"x":0,"y":0}]},"tail 3":{"rotate":[{"time":0.2333,"angle":-12.95,"curve":[0.269,0.6,0.675,0.91]},{"time":0.4333,"angle":5.06,"curve":[0.032,1.02,0.554,1]},{"time":0.9333,"angle":5.64,"curve":[0.452,0,0.868,0.11]},{"time":1.0666,"angle":-0.2,"curve":[0.336,0.08,0.771,0.73]},{"time":1.2333,"angle":-3.72,"curve":[0.316,0.09,0.7,0.59]},{"time":1.5,"angle":14.62,"curve":[0.382,0.38,0.725,0.74]},{"time":1.6,"angle":0.27}],"translate":[{"time":0,"x":0,"y":0,"curve":"stepped"},{"time":0.9333,"x":0,"y":0}]},"pinky2":{"translate":[{"time":0,"x":0,"y":0,"curve":"stepped"},{"time":0.9333,"x":0,"y":0}]},"thumb":{"rotate":[{"time":0,"angle":-44.61,"curve":[0.336,0.08,0.771,0.73]},{"time":0.5333,"angle":-34.04,"curve":[0.014,3.08,0.216,3.08]},{"time":1,"angle":-25.99}],"translate":[{"time":0,"x":0,"y":0,"curve":"stepped"},{"time":0.9333,"x":0,"y":0}]},"heel2":{"rotate":[{"time":0,"angle":-2.45},{"time":0.0666,"angle":2.2,"curve":[0.336,0.08,0.771,0.73]},{"time":0.1,"angle":-17.91},{"time":0.1333,"angle":-21.05,"curve":[0.52,0.08,0.795,0.34]},{"time":0.2333,"angle":24.64,"curve":[0.269,0.6,0.675,0.91]},{"time":0.2666,"angle":32.12},{"time":0.3333,"angle":10.41},{"time":0.3666,"angle":19.54},{"time":0.5,"angle":11.04,"curve":[0.336,0.08,0.771,0.73]},{"time":1.2333,"angle":14.9}],"translate":[{"time":0,"x":0,"y":0,"curve":"stepped"},{"time":0.9333,"x":0,"y":0}]},"antenna front":{"rotate":[{"time":0,"angle":26.36,"curve":[0.39,0.38,0.741,0.76]},{"time":0.2333,"angle":50.44,"curve":[0.269,0.6,0.675,0.91]},{"time":0.4666,"angle":3.68,"curve":[0.336,0.08,0.771,0.73]},{"time":0.9333,"angle":-6.14,"curve":[0.452,0,0.868,0.11]},{"time":1.3666,"angle":27.37,"curve":[0.336,0.08,0.771,0.73]},{"time":1.4333,"angle":45.85,"curve":[0.336,0.08,0.771,0.73]},{"time":1.5333,"angle":-11.34,"curve":[0.336,0.08,0.771,0.73]},{"time":1.6,"angle":1.79}],"translate":[{"time":0,"x":0,"y":0,"curve":"stepped"},{"time":0.9333,"x":0,"y":0}]},"arm":{"rotate":[{"time":0,"angle":282.75,"curve":[0.336,0.08,0.771,0.73]},{"time":0.4333,"angle":304.44,"curve":[0.032,1.02,0.554,1]},{"time":0.9333,"angle":293.82,"curve":[0.452,0,0.868,0.11]},{"time":1,"angle":263.2,"curve":[0.336,0.08,0.771,0.73]},{"time":1.2333,"angle":293.33}],"translate":[{"time":0,"x":0,"y":0,"curve":[0.346,0.82,0.576,0.9]},{"time":0.2666,"x":7.82,"y":3.12,"curve":"stepped"},{"time":0.9333,"x":7.82,"y":3.12}]},"middle finger":{"rotate":[{"time":0,"angle":-133.08,"curve":[0.336,0.08,0.771,0.73]},{"time":0.5333,"angle":-44.66,"curve":[0.014,3.08,0.216,3.08]},{"time":1,"angle":-4.33,"curve":[0.336,0.08,0.771,0.73]},{"time":1.2333,"angle":-125.08}],"translate":[{"time":0,"x":0,"y":0,"curve":"stepped"},{"time":0.9333,"x":0,"y":0}]},"index":{"rotate":[{"time":0,"angle":-143.55,"curve":[0.336,0.08,0.771,0.73]},{"time":0.5333,"angle":-71.37,"curve":[0.014,3.08,0.216,3.08]},{"time":1,"angle":-27.15,"curve":[0.336,0.08,0.771,0.73]},{"time":1.2333,"angle":-147.44}],"translate":[{"time":0,"x":0,"y":0,"curve":"stepped"},{"time":0.9333,"x":0,"y":0}]},"bone5":{"translate":[{"time":0,"x":0,"y":0,"curve":"stepped"},{"time":0.9333,"x":0,"y":0}]},"tongue":{"rotate":[{"time":0.2333,"angle":14.98,"curve":[0.269,0.6,0.675,0.91]},{"time":0.5,"angle":0.72,"curve":[0.336,0.08,0.771,0.73]},{"time":0.9666,"angle":6.42,"curve":[0.336,0.08,0.771,0.73]},{"time":1.2333,"angle":102.26,"curve":[0.336,0.08,0.771,0.73]},{"time":1.4,"angle":126.64,"curve":[0.336,0.08,0.771,0.73]},{"time":1.5,"angle":143.16,"curve":[0.336,0.08,0.771,0.73]},{"time":1.6,"angle":32.56}],"translate":[{"time":0,"x":0,"y":0,"curve":"stepped"},{"time":0.9333,"x":0,"y":0}],"scale":[{"time":0.2333,"x":0.874,"y":1,"curve":[0.269,0.6,0.675,0.91]},{"time":0.5,"x":0.946,"y":1,"curve":[0.336,0.08,0.771,0.73]},{"time":0.9666,"x":1.224,"y":1,"curve":[0.336,0.08,0.771,0.73]},{"time":1.2333,"x":1.224,"y":1.347}]},"arm 7":{"rotate":[{"time":0,"angle":30.5,"curve":[0.336,0.08,0.771,0.73]},{"time":0.4,"angle":12.38}],"translate":[{"time":0,"x":0,"y":0,"curve":"stepped"},{"time":0.9333,"x":0,"y":0}]},"ear plate front":{"translate":[{"time":0,"x":0,"y":0,"curve":"stepped"},{"time":0.9333,"x":0,"y":0}],"scale":[{"time":0.2333,"x":0.253,"y":1,"curve":[0.269,0.6,0.675,0.91]},{"time":0.3333,"x":0.983,"y":1,"curve":[0.336,0.08,0.771,0.73]},{"time":0.9333,"x":0.707,"y":1,"curve":[0.452,0,0.868,0.11]},{"time":1.0666,"x":0.218,"y":1,"curve":[0.336,0.08,0.771,0.73]},{"time":1.2666,"x":0.284,"y":1,"curve":[0.336,0.08,0.771,0.73]},{"time":1.4666,"x":-0.632,"y":1,"curve":[0.336,0.08,0.771,0.73]},{"time":1.6,"x":0.876,"y":1}]},"knee":{"translate":[{"time":0,"x":0,"y":0,"curve":"stepped"},{"time":0.9333,"x":0,"y":0}]},"middle finger2":{"translate":[{"time":0,"x":0,"y":0,"curve":"stepped"},{"time":0.9333,"x":0,"y":0}]},"bone4":{"rotate":[{"time":0,"angle":130.54,"curve":[0.336,0.08,0.771,0.73]},{"time":0.5333,"angle":27.75,"curve":[0.014,3.08,0.216,3.08]},{"time":1,"angle":19.6,"curve":[0.336,0.08,0.771,0.73]},{"time":1.2333,"angle":110.62}],"translate":[{"time":0,"x":0,"y":0,"curve":"stepped"},{"time":0.9333,"x":0,"y":0}]},"bone7":{"translate":[{"time":0,"x":0,"y":0,"curve":"stepped"},{"time":0.9333,"x":0,"y":0}]},"toe2":{"rotate":[{"time":0.0333,"angle":31.44},{"time":0.0666,"angle":3.41},{"time":0.1,"angle":5.18},{"time":0.2333,"angle":-0.64,"curve":[0.269,0.6,0.675,0.91]},{"time":0.2666,"angle":4.51},{"time":0.3,"angle":1.14},{"time":0.3333,"angle":1.41},{"time":0.3666,"angle":5.02},{"time":0.4,"angle":-3.53},{"time":1.2333,"angle":4.54}],"translate":[{"time":0,"x":0,"y":0,"curve":"stepped"},{"time":0.9333,"x":0,"y":0}]},"arm 9":{"rotate":[{"time":0,"angle":57.74,"curve":[0.336,0.08,0.771,0.73]},{"time":0.9333,"angle":37.35,"curve":[0.452,0,0.868,0.11]},{"time":1.1,"angle":43.58}],"translate":[{"time":0,"x":0,"y":0,"curve":"stepped"},{"time":0.9333,"x":0,"y":0}]},"antenna back":{"rotate":[{"time":0.4666,"angle":-5.91,"curve":[0.336,0.08,0.771,0.73]},{"time":0.9333,"angle":17.45,"curve":[0.452,0,0.868,0.11]},{"time":1.5333,"angle":4.95}],"translate":[{"time":0,"x":0,"y":0,"curve":"stepped"},{"time":0.9333,"x":0,"y":0}]},"pinky":{"rotate":[{"time":0,"angle":-107.95,"curve":[0.336,0.08,0.771,0.73]},{"time":0.5333,"angle":-27.91,"curve":[0.014,3.08,0.216,3.08]},{"time":1,"angle":16.59,"curve":[0.336,0.08,0.771,0.73]},{"time":1.2333,"angle":-93.37}],"translate":[{"time":0,"x":0,"y":0,"curve":"stepped"},{"time":0.9333,"x":0,"y":0}]},"arm back":{"rotate":[{"time":0,"angle":316.26,"curve":[0.336,0.08,0.771,0.73]},{"time":0.4,"angle":328.75}],"translate":[{"time":0,"x":0,"y":0,"curve":[0.346,0.82,0.576,0.9]},{"time":0.2333,"x":15.11,"y":6.14,"curve":"stepped"},{"time":0.9333,"x":15.11,"y":6.14}]},"tail 4":{"rotate":[{"time":0.2333,"angle":-26.43,"curve":[0.269,0.6,0.675,0.91]},{"time":0.4333,"angle":0.01,"curve":[0.032,1.02,0.554,1]},{"time":0.9333,"angle":5.1,"curve":[0.452,0,0.868,0.11]},{"time":1.0666,"angle":-1.1,"curve":[0.336,0.08,0.771,0.73]},{"time":1.2333,"angle":-14.75,"curve":[0.336,0.08,0.771,0.73]},{"time":1.5,"angle":-3.88}],"translate":[{"time":0,"x":0,"y":0,"curve":"stepped"},{"time":0.9333,"x":0,"y":0}]},"toe":{"rotate":[{"time":0,"angle":-1.76},{"time":0.0333,"angle":4.73},{"time":0.2333,"angle":1.11,"curve":[0.269,0.6,0.675,0.91]},{"time":0.2666,"angle":5.37},{"time":0.3,"angle":1.92},{"time":0.3333,"angle":0.82},{"time":0.3666,"angle":2.29},{"time":0.4,"angle":-2.55},{"time":1.2333,"angle":0.59},{"time":1.5,"angle":3.32}],"translate":[{"time":0,"x":0,"y":0,"curve":"stepped"},{"time":0.9333,"x":0,"y":0}]},"bone":{"rotate":[{"time":0,"angle":-39.66,"curve":[0.336,0.08,0.771,0.73]},{"time":0.5333,"angle":10.76,"curve":[0.014,3.08,0.216,3.08]},{"time":1.2333,"angle":-73.09}],"translate":[{"time":0,"x":0,"y":0,"curve":"stepped"},{"time":0.9333,"x":0,"y":0}]},"thumb2":{"rotate":[{"time":0.4,"angle":-64.96}],"translate":[{"time":0,"x":0,"y":0,"curve":"stepped"},{"time":0.9333,"x":0,"y":0}]},"arm 8":{"rotate":[{"time":0,"angle":62.36,"curve":[0.336,0.08,0.771,0.73]},{"time":0.9333,"angle":66.41,"curve":[0.452,0,0.868,0.11]},{"time":1.1,"angle":95.54,"curve":[0.336,0.08,0.771,0.73]},{"time":1.6,"angle":59.83}],"translate":[{"time":0,"x":0,"y":0,"curve":"stepped"},{"time":0.9333,"x":0,"y":0}]},"bone8":{"rotate":[{"time":0.4,"angle":11.23}],"translate":[{"time":0,"x":0,"y":0,"curve":"stepped"},{"time":0.9333,"x":0,"y":0}]},"tail 1":{"rotate":[{"time":0.2333,"angle":347.78,"curve":[0.269,0.6,0.675,0.91]},{"time":0.4333,"angle":12.85,"curve":[0.032,1.02,0.554,1]},{"time":1.2333,"angle":337.5,"curve":[0.336,0.08,0.771,0.73]},{"time":1.5,"angle":28.31}],"translate":[{"time":0,"x":0,"y":0,"curve":"stepped"},{"time":0.9333,"x":0,"y":0}]},"thigh2":{"rotate":[{"time":0,"angle":32.61},{"time":0.0666,"angle":31.04,"curve":[0.336,0.08,0.771,0.73]},{"time":0.1333,"angle":36.07,"curve":[0.52,0.08,0.795,0.34]},{"time":0.2333,"angle":57.79,"curve":[0.269,0.6,0.675,0.91]},{"time":0.2666,"angle":47.5},{"time":0.3333,"angle":21.59},{"time":0.3666,"angle":8.71},{"time":0.9666,"angle":23.68,"curve":[0.341,0.33,0.676,0.66]},{"time":1.0333,"angle":32.98,"curve":[0.355,0.34,0.691,0.69]},{"time":1.1333,"angle":37.57,"curve":[0.371,0.38,0.709,0.72]},{"time":1.2333,"angle":23.15},{"time":1.4,"angle":37.75},{"time":1.5,"angle":43.76}],"translate":[{"time":0,"x":0,"y":0,"curve":"stepped"},{"time":0.9333,"x":0,"y":0}]},"knee2":{"translate":[{"time":0,"x":0,"y":0,"curve":"stepped"},{"time":0.9333,"x":0,"y":0}]},"heel":{"rotate":[{"time":0.0666,"angle":-2.94},{"time":0.1,"angle":-0.14},{"time":0.1333,"angle":13.09,"curve":[0.52,0.08,0.795,0.34]},{"time":0.2333,"angle":30.63,"curve":[0.281,0.43,0.633,0.76]},{"time":0.2666,"angle":32.95,"curve":[0.337,0.53,0.688,0.85]},{"time":0.3,"angle":11.59},{"time":0.3333,"angle":20.19},{"time":0.3666,"angle":4.01},{"time":0.4,"angle":6},{"time":0.6333,"angle":11.2,"curve":[0.311,0.09,0.673,0.53]},{"time":0.8333,"angle":13.13,"curve":[0.348,0.33,0.685,0.67]},{"time":0.9,"angle":12.35,"curve":[0.382,0.38,0.725,0.74]},{"time":1,"angle":-2.19,"curve":[0.336,0.08,0.771,0.73]},{"time":1.1,"angle":9.37},{"time":1.2333,"angle":19.21,"curve":"stepped"},{"time":1.3666,"angle":19.21},{"time":1.5,"angle":20.59}],"translate":[{"time":0,"x":0,"y":0,"curve":"stepped"},{"time":0.9333,"x":0,"y":0}]},"calf2":{"rotate":[{"time":0,"angle":-90.69},{"time":0.0666,"angle":-45.95,"curve":[0.336,0.08,0.771,0.73]},{"time":0.1,"angle":-28.64},{"time":0.1333,"angle":-25.53,"curve":[0.52,0.08,0.795,0.34]},{"time":0.2333,"angle":-82.88,"curve":[0.269,0.6,0.675,0.91]},{"time":0.2666,"angle":-77.75},{"time":0.3,"angle":-63.02},{"time":0.3333,"angle":-44.5},{"time":0.3666,"angle":-14.97},{"time":0.9666,"angle":-39.23,"curve":[0.341,0.33,0.676,0.66]},{"time":1.0333,"angle":-59.52,"curve":[0.355,0.34,0.691,0.69]},{"time":1.1333,"angle":-61.12,"curve":[0.371,0.38,0.709,0.72]},{"time":1.2333,"angle":-33.47},{"time":1.4,"angle":-47.29},{"time":1.5,"angle":-73.36}],"translate":[{"time":0,"x":0,"y":0,"curve":"stepped"},{"time":0.9333,"x":0,"y":0}]},"hand2":{"translate":[{"time":0,"x":0,"y":0,"curve":"stepped"},{"time":0.9333,"x":0,"y":0}]},"arm 3":{"rotate":[{"time":0,"angle":29.52,"curve":[0.336,0.08,0.771,0.73]},{"time":0.5333,"angle":40.29,"curve":[0.014,3.08,0.216,3.08]},{"time":0.9333,"angle":12.07,"curve":[0.452,0,0.868,0.11]},{"time":1.2333,"angle":29.08}],"translate":[{"time":0,"x":0,"y":0,"curve":"stepped"},{"time":0.9333,"x":0,"y":0}]},"arm 5":{"rotate":[{"time":0,"angle":65.64,"curve":[0.336,0.08,0.771,0.73]},{"time":0.2666,"angle":87.17,"curve":[0.336,0.08,0.771,0.73]},{"time":0.4333,"angle":53.27,"curve":[0.032,1.02,0.554,1]},{"time":0.5333,"angle":11.36,"curve":[0.014,3.08,0.216,3.08]},{"time":0.9333,"angle":49.29,"curve":[0.452,0,0.868,0.11]},{"time":1,"angle":86.15,"curve":[0.336,0.08,0.771,0.73]},{"time":1.1,"angle":98.81,"curve":[0.336,0.08,0.771,0.73]},{"time":1.2333,"angle":51.29,"curve":[0.336,0.08,0.771,0.73]},{"time":1.6,"angle":37.77}],"translate":[{"time":0,"x":0,"y":0,"curve":[0.346,0.82,0.576,0.9]},{"time":0.2666,"x":-0.68,"y":-0.13,"curve":"stepped"},{"time":0.9333,"x":-0.68,"y":-0.13}]},"bone2":{"rotate":[{"time":0,"angle":2.8}],"translate":[{"time":0,"x":0,"y":0,"curve":"stepped"},{"time":0.9333,"x":0,"y":0}]},"arrm 6":{"rotate":[{"time":1.1,"angle":21.92}],"translate":[{"time":0,"x":0,"y":0,"curve":"stepped"},{"time":0.9333,"x":0,"y":0}]},"index2":{"translate":[{"time":0,"x":0,"y":0,"curve":"stepped"},{"time":0.9333,"x":0,"y":0}]},"hinge":{"translate":[{"time":0,"x":0,"y":-24.1,"curve":"stepped"},{"time":0.9333,"x":0,"y":-24.1}]},"foot":{"rotate":[{"time":0,"angle":6.76},{"time":0.0333,"angle":18.62},{"time":0.0666,"angle":22.52},{"time":0.1,"angle":21.79},{"time":0.1333,"angle":16.29,"curve":[0.52,0.08,0.795,0.34]},{"time":0.2333,"angle":16.03,"curve":[0.269,0.6,0.675,0.91]},{"time":0.2666,"angle":15.46},{"time":0.3,"angle":27.22},{"time":0.3333,"angle":12.02,"curve":[0.336,0.08,0.771,0.73]},{"time":0.3666,"angle":-1.27},{"time":0.4,"angle":-3.09},{"time":0.9666,"angle":-15.35},{"time":1.1,"angle":-11.86},{"time":1.2,"angle":-6.76,"curve":[0.336,0.08,0.771,0.73]},{"time":1.2333,"angle":-0.77},{"time":1.2666,"angle":8.04,"curve":[0.321,0.18,0.657,0.52]},{"time":1.3,"angle":6.27,"curve":[0.328,0.26,0.663,0.61]},{"time":1.3333,"angle":5.65,"curve":[0.333,0.3,0.669,0.64]},{"time":1.3666,"angle":-3.81,"curve":[0.35,0.31,0.691,0.67]},{"time":1.4333,"angle":0.69,"curve":[0.384,0.38,0.727,0.74]},{"time":1.5,"angle":11.4}],"translate":[{"time":0,"x":0,"y":0,"curve":"stepped"},{"time":0.9333,"x":0,"y":0}]},"bone6":{"translate":[{"time":0,"x":0,"y":0,"curve":"stepped"},{"time":0.9333,"x":0,"y":0}]},"bone3":{"rotate":[{"time":0,"angle":11.79}],"translate":[{"time":0,"x":0,"y":0,"curve":"stepped"},{"time":0.9333,"x":0,"y":0}]},"thigh":{"rotate":[{"time":0,"angle":35.99},{"time":0.0333,"angle":21.79},{"time":0.1333,"angle":7.95,"curve":[0.52,0.08,0.795,0.34]},{"time":0.2333,"angle":36.17,"curve":[0.269,0.6,0.675,0.91]},{"time":0.3666,"angle":-1.15},{"time":0.9333,"angle":8.12,"curve":[0.452,0,0.868,0.11]},{"time":0.9666,"angle":39.6},{"time":1.0333,"angle":67.08},{"time":1.1,"angle":74.42},{"time":1.2333,"angle":82.64},{"time":1.3666,"angle":40.89,"curve":[0.316,0.14,0.655,0.5]},{"time":1.4,"angle":35.39,"curve":[0.375,0.27,0.766,0.76]},{"time":1.5,"angle":38.79}],"translate":[{"time":0,"x":0,"y":0,"curve":"stepped"},{"time":0.9333,"x":0,"y":0}]},"tail 5":{"translate":[{"time":0,"x":0,"y":0,"curve":"stepped"},{"time":0.9333,"x":0,"y":0}]},"body":{"rotate":[{"time":0,"angle":-12.23,"curve":[0.317,0.15,0.655,0.51]},{"time":0.2333,"angle":-15.28,"curve":[0.269,0.6,0.675,0.91]},{"time":1.5,"angle":-24.14,"curve":[0.336,0.08,0.771,0.73]},{"time":1.6,"angle":-17.44}],"translate":[{"time":0,"x":0,"y":-23.88},{"time":0.2333,"x":0,"y":-39.21,"curve":[0.269,0.6,0.675,0.91]},{"time":0.5,"x":0,"y":-30.31},{"time":0.9333,"x":0,"y":-16.41,"curve":[0.452,0,0.868,0.11]},{"time":0.9666,"x":0,"y":-12.52},{"time":1.5,"x":0,"y":-20.3}]},"hand":{"rotate":[{"time":0.9333,"angle":34.16,"curve":[0.452,0,0.868,0.11]},{"time":1.2333,"angle":-7.42}],"translate":[{"time":0,"x":0,"y":0,"curve":"stepped"},{"time":0.9333,"x":0,"y":0}]},"hinge 2":{"translate":[{"time":0,"x":0,"y":-24.1,"curve":"stepped"},{"time":0.9333,"x":0,"y":-24.1}]},"arm 4":{"rotate":[{"time":0,"angle":30.92,"curve":[0.336,0.08,0.771,0.73]},{"time":0.2666,"angle":49.7,"curve":[0.336,0.08,0.771,0.73]},{"time":0.4333,"angle":5.46,"curve":[0.032,1.02,0.554,1]},{"time":0.9333,"angle":32.01,"curve":[0.452,0,0.868,0.11]},{"time":1.1,"angle":42.72,"curve":[0.336,0.08,0.771,0.73]},{"time":1.2333,"angle":77.42,"curve":[0.336,0.08,0.771,0.73]},{"time":1.6,"angle":59.12}],"translate":[{"time":0,"x":0,"y":0,"curve":[0.346,0.82,0.576,0.9]},{"time":0.2666,"x":-1.06,"y":-1.81,"curve":[0.315,0.13,0.655,0.5]},{"time":0.9333,"x":-3.99,"y":-6.17,"curve":[0.452,0,0.868,0.11]},{"time":1.4333,"x":-6.54,"y":-9.97,"curve":[0.336,0.08,0.771,0.73]},{"time":1.5,"x":-7.33,"y":-11.26,"curve":[0.336,0.08,0.771,0.73]},{"time":1.6,"x":5.7,"y":5.41}]},"tail 2":{"rotate":[{"time":0.2333,"angle":-5.25,"curve":[0.269,0.6,0.675,0.91]},{"time":0.4333,"angle":10.74,"curve":[0.032,1.02,0.554,1]},{"time":0.9333,"angle":5.12,"curve":[0.452,0,0.868,0.11]},{"time":1.0666,"angle":-4.22,"curve":[0.336,0.08,0.771,0.73]},{"time":1.2333,"angle":-24.52,"curve":[0.316,0.09,0.7,0.59]},{"time":1.5,"angle":0.52,"curve":[0.382,0.38,0.725,0.74]},{"time":1.6,"angle":-12.85}],"translate":[{"time":0,"x":0,"y":0,"curve":"stepped"},{"time":0.9333,"x":0,"y":0}]},"root":{"translate":[{"time":0,"x":0,"y":13.96},{"time":0.0333,"x":0,"y":13.62},{"time":0.0666,"x":0,"y":14.82},{"time":0.1,"x":0,"y":14.66,"curve":[0.167,-0.03,0.95,-0.26]},{"time":0.2333,"x":0,"y":-2.99,"curve":[0.269,0.6,0.675,0.91]},{"time":0.3,"x":0,"y":9.27},{"time":0.3333,"x":0,"y":38.37},{"time":0.3666,"x":0,"y":45.06},{"time":0.4,"x":0,"y":78.3},{"time":0.4333,"x":0,"y":106.31,"curve":[0.032,1.02,0.554,1]},{"time":0.4666,"x":0,"y":106.83},{"time":0.5,"x":0,"y":106.98},{"time":0.9333,"x":0,"y":324.55,"curve":[0.452,0,0.868,0.11]},{"time":1.2333,"x":0,"y":105.02},{"time":1.4,"x":0,"y":13.34},{"time":1.5,"x":0,"y":2.95}]},"smoke2":{"translate":[{"time":0.9333,"x":0,"y":0}],"scale":[{"time":1.2666,"x":0.821,"y":1,"curve":[0.336,0.08,0.771,0.73]},{"time":1.3,"x":0.943,"y":1,"curve":[0.336,0.08,0.771,0.73]},{"time":1.3333,"x":1.509,"y":1,"curve":[0.336,0.08,0.771,0.73]},{"time":1.3666,"x":0.813,"y":1}]},"smoke":{"translate":[{"time":0.9333,"x":0,"y":0}]}}},"run":{"slots":{"calf2":{"attachment":[{"time":0.3333,"name":"calf"},{"time":0.4666,"name":"calf"}]},"foot2":{"attachment":[{"time":0.3333,"name":"foot"},{"time":0.4666,"name":"foot"}]}},"bones":{"body":{"rotate":[{"time":0,"angle":-24.5,"curve":"stepped"},{"time":0.3333,"angle":-24.5,"curve":"stepped"},{"time":0.4666,"angle":-24.5,"curve":"stepped"},{"time":0.9666,"angle":-24.5}],"translate":[{"time":0,"x":0,"y":10.51,"curve":[0.679,0.01,0.821,0.3]},{"time":0.2,"x":0,"y":-32.77,"curve":[0.346,0.82,0.576,0.9]},{"time":0.2666,"x":0,"y":-48.51},{"time":0.3333,"x":0,"y":-55.3},{"time":0.4666,"x":0,"y":-34.69,"curve":[0.679,0.01,0.821,0.3]},{"time":0.6666,"x":0,"y":-29.72,"curve":[0.346,0.82,0.576,0.9]},{"time":0.7,"x":0,"y":-44.59},{"time":0.8,"x":0,"y":-43.27},{"time":0.9666,"x":0,"y":10.51}]},"pinky":{"rotate":[{"time":0,"angle":-60.16,"curve":"stepped"},{"time":0.3333,"angle":-60.16,"curve":"stepped"},{"time":0.4666,"angle":-60.16,"curve":"stepped"},{"time":0.9666,"angle":-60.16}],"translate":[{"time":0,"x":0,"y":0,"curve":"stepped"},{"time":0.2,"x":0,"y":0,"curve":"stepped"},{"time":0.2666,"x":0,"y":0,"curve":"stepped"},{"time":0.3333,"x":0,"y":0,"curve":"stepped"},{"time":0.4666,"x":0,"y":0,"curve":"stepped"},{"time":0.8,"x":0,"y":0,"curve":"stepped"},{"time":0.9666,"x":0,"y":0}]},"bone":{"rotate":[{"time":0,"angle":-89.19,"curve":"stepped"},{"time":0.3333,"angle":-89.19,"curve":"stepped"},{"time":0.4666,"angle":-89.19,"curve":"stepped"},{"time":0.9666,"angle":-89.19}],"translate":[{"time":0,"x":0,"y":0,"curve":"stepped"},{"time":0.2,"x":0,"y":0,"curve":"stepped"},{"time":0.2666,"x":0,"y":0,"curve":"stepped"},{"time":0.3333,"x":0,"y":0,"curve":"stepped"},{"time":0.4666,"x":0,"y":0,"curve":"stepped"},{"time":0.8,"x":0,"y":0,"curve":"stepped"},{"time":0.9666,"x":0,"y":0}]},"middle finger":{"rotate":[{"time":0,"angle":-97.33,"curve":"stepped"},{"time":0.3333,"angle":-97.33,"curve":"stepped"},{"time":0.4666,"angle":-97.33,"curve":"stepped"},{"time":0.9666,"angle":-97.33}],"translate":[{"time":0,"x":0,"y":0,"curve":"stepped"},{"time":0.2,"x":0,"y":0,"curve":"stepped"},{"time":0.2666,"x":0,"y":0,"curve":"stepped"},{"time":0.3333,"x":0,"y":0,"curve":"stepped"},{"time":0.4666,"x":0,"y":0,"curve":"stepped"},{"time":0.8,"x":0,"y":0,"curve":"stepped"},{"time":0.9666,"x":0,"y":0}]},"bone2":{"rotate":[{"time":0,"angle":-67.6,"curve":"stepped"},{"time":0.3333,"angle":-67.6,"curve":"stepped"},{"time":0.4666,"angle":-67.6,"curve":"stepped"},{"time":0.9666,"angle":-67.6}],"translate":[{"time":0,"x":0,"y":0,"curve":"stepped"},{"time":0.2,"x":0,"y":0,"curve":"stepped"},{"time":0.2666,"x":0,"y":0,"curve":"stepped"},{"time":0.3333,"x":0,"y":0,"curve":"stepped"},{"time":0.4666,"x":0,"y":0,"curve":"stepped"},{"time":0.8,"x":0,"y":0,"curve":"stepped"},{"time":0.9666,"x":0,"y":0}]},"index":{"rotate":[{"time":0,"angle":-93.99,"curve":"stepped"},{"time":0.3333,"angle":-93.99,"curve":"stepped"},{"time":0.4666,"angle":-93.99,"curve":"stepped"},{"time":0.9666,"angle":-93.99}],"translate":[{"time":0,"x":0,"y":0,"curve":"stepped"},{"time":0.2,"x":0,"y":0,"curve":"stepped"},{"time":0.2666,"x":0,"y":0,"curve":"stepped"},{"time":0.3333,"x":0,"y":0,"curve":"stepped"},{"time":0.4666,"x":0,"y":0,"curve":"stepped"},{"time":0.8,"x":0,"y":0,"curve":"stepped"},{"time":0.9666,"x":0,"y":0}]},"bone3":{"rotate":[{"time":0,"angle":-41.6,"curve":"stepped"},{"time":0.3333,"angle":-41.6,"curve":"stepped"},{"time":0.4666,"angle":-41.6,"curve":"stepped"},{"time":0.9666,"angle":-41.6}],"translate":[{"time":0,"x":0,"y":0,"curve":"stepped"},{"time":0.2,"x":0,"y":0,"curve":"stepped"},{"time":0.2666,"x":0,"y":0,"curve":"stepped"},{"time":0.3333,"x":0,"y":0,"curve":"stepped"},{"time":0.4666,"x":0,"y":0,"curve":"stepped"},{"time":0.8,"x":0,"y":0,"curve":"stepped"},{"time":0.9666,"x":0,"y":0}]},"thumb":{"rotate":[{"time":0,"angle":-44.14,"curve":"stepped"},{"time":0.3333,"angle":-44.14,"curve":"stepped"},{"time":0.4666,"angle":-44.14,"curve":"stepped"},{"time":0.9666,"angle":-44.14}],"translate":[{"time":0,"x":0,"y":0,"curve":"stepped"},{"time":0.2,"x":0,"y":0,"curve":"stepped"},{"time":0.2666,"x":0,"y":0,"curve":"stepped"},{"time":0.3333,"x":0,"y":0,"curve":"stepped"},{"time":0.4666,"x":0,"y":0,"curve":"stepped"},{"time":0.8,"x":0,"y":0,"curve":"stepped"},{"time":0.9666,"x":0,"y":0}]},"bone4":{"rotate":[{"time":0,"angle":97.96,"curve":"stepped"},{"time":0.3333,"angle":97.96,"curve":"stepped"},{"time":0.4666,"angle":97.96,"curve":"stepped"},{"time":0.9666,"angle":97.96}],"translate":[{"time":0,"x":0,"y":0,"curve":"stepped"},{"time":0.2,"x":0,"y":0,"curve":"stepped"},{"time":0.2666,"x":0,"y":0,"curve":"stepped"},{"time":0.3333,"x":0,"y":0,"curve":"stepped"},{"time":0.4666,"x":0,"y":0,"curve":"stepped"},{"time":0.8,"x":0,"y":0,"curve":"stepped"},{"time":0.9666,"x":0,"y":0}]},"arm":{"rotate":[{"time":0,"angle":270.52,"curve":[0.679,0.01,0.821,0.3]},{"time":0.3333,"angle":41.67,"curve":[0.214,0.75,0.511,0.85]},{"time":0.4,"angle":62.12,"curve":[0.663,0,1,0.07]},{"time":0.6,"angle":41.67,"curve":[0.426,1,0.683,0.75]},{"time":0.9666,"angle":270.52}],"translate":[{"time":0,"x":0,"y":0,"curve":"stepped"},{"time":0.2,"x":0,"y":0,"curve":"stepped"},{"time":0.2666,"x":0,"y":0,"curve":"stepped"},{"time":0.3333,"x":0,"y":0,"curve":"stepped"},{"time":0.6,"x":0,"y":0,"curve":"stepped"},{"time":0.8,"x":0,"y":0,"curve":"stepped"},{"time":0.9666,"x":0,"y":0}]},"arm 3":{"rotate":[{"time":0,"angle":11.19,"curve":[0.36,0.13,0.693,0.46]},{"time":0.3333,"angle":11.15,"curve":[0.077,0.57,0.511,0.85]},{"time":0.4,"angle":23.49,"curve":[0.369,1.01,0.78,1]},{"time":0.6,"angle":11.15,"curve":[0.679,0.01,0.821,0.3]},{"time":0.9666,"angle":11.17}],"translate":[{"time":0,"x":0,"y":0,"curve":"stepped"},{"time":0.2,"x":0,"y":0,"curve":"stepped"},{"time":0.2666,"x":0,"y":0,"curve":"stepped"},{"time":0.3333,"x":0,"y":0,"curve":"stepped"},{"time":0.6,"x":0,"y":0,"curve":"stepped"},{"time":0.8,"x":0,"y":0,"curve":"stepped"},{"time":0.9666,"x":0,"y":0}]},"arm 4":{"rotate":[{"time":0,"angle":32.24,"curve":[0.36,0.13,0.693,0.46]},{"time":0.3333,"angle":34.05,"curve":[0.077,0.57,0.511,0.85]},{"time":0.4,"angle":35.19,"curve":[0.369,1.01,0.78,1]},{"time":0.6,"angle":34.05,"curve":[0.679,0.01,0.821,0.3]},{"time":0.9666,"angle":32.21}],"translate":[{"time":0,"x":0,"y":0,"curve":"stepped"},{"time":0.2,"x":0,"y":0,"curve":"stepped"},{"time":0.2666,"x":0,"y":0,"curve":"stepped"},{"time":0.3333,"x":0,"y":0,"curve":"stepped"},{"time":0.6,"x":0,"y":0,"curve":"stepped"},{"time":0.8,"x":0,"y":0,"curve":"stepped"},{"time":0.9666,"x":0,"y":0}]},"arm 5":{"rotate":[{"time":0,"angle":64.69,"curve":[0.36,0.13,0.693,0.46]},{"time":0.3333,"angle":48.66,"curve":"stepped"},{"time":0.6,"angle":48.66,"curve":[0.679,0.01,0.821,0.3]},{"time":0.9666,"angle":64.61}],"translate":[{"time":0,"x":0,"y":0,"curve":"stepped"},{"time":0.2,"x":0,"y":0,"curve":"stepped"},{"time":0.2666,"x":0,"y":0,"curve":"stepped"},{"time":0.3333,"x":0,"y":0,"curve":"stepped"},{"time":0.6,"x":0,"y":0,"curve":"stepped"},{"time":0.8,"x":0,"y":0,"curve":"stepped"},{"time":0.9666,"x":0,"y":0}]},"arrm 6":{"rotate":[{"time":0,"angle":21.5,"curve":[0.679,0.01,0.821,0.3]},{"time":0.3333,"angle":21.87,"curve":"stepped"},{"time":0.6,"angle":21.87,"curve":[0.679,0.01,0.821,0.3]},{"time":0.9666,"angle":21.75}],"translate":[{"time":0,"x":0,"y":0,"curve":"stepped"},{"time":0.2,"x":0,"y":0,"curve":"stepped"},{"time":0.2666,"x":0,"y":0,"curve":"stepped"},{"time":0.3333,"x":0,"y":0,"curve":"stepped"},{"time":0.6,"x":0,"y":0,"curve":"stepped"},{"time":0.8,"x":0,"y":0,"curve":"stepped"},{"time":0.9666,"x":0,"y":0}]},"hand":{"rotate":[{"time":0,"angle":-4.5,"curve":"stepped"},{"time":0.3333,"angle":-4.5},{"time":0.4,"angle":-2.4,"curve":[0.336,0.08,0.771,0.73]},{"time":0.4666,"angle":-4.5,"curve":"stepped"},{"time":0.9666,"angle":-4.5}],"translate":[{"time":0,"x":0,"y":0,"curve":"stepped"},{"time":0.2,"x":0,"y":0,"curve":"stepped"},{"time":0.2666,"x":0,"y":0,"curve":"stepped"},{"time":0.3333,"x":0,"y":0,"curve":"stepped"},{"time":0.4666,"x":0,"y":0,"curve":"stepped"},{"time":0.8,"x":0,"y":0,"curve":"stepped"},{"time":0.9666,"x":0,"y":0}]},"tongue":{"rotate":[{"time":0,"angle":-8.79,"curve":[0.57,0.02,0.825,0.32]},{"time":0.2333,"angle":77.56,"curve":[0.375,0.26,0.677,0.59]},{"time":0.3333,"angle":47.24},{"time":0.4666,"angle":-8.92,"curve":[0.481,0.03,0.785,0.34]},{"time":0.7,"angle":93.95,"curve":[0.393,0.27,0.716,0.6]},{"time":0.8,"angle":36.03,"curve":[0.348,0.31,0.68,0.64]},{"time":0.8333,"angle":15.33,"curve":[0.364,0.27,0.673,0.6]},{"time":0.9666,"angle":-8.79}],"translate":[{"time":0,"x":0,"y":0,"curve":"stepped"},{"time":0.2,"x":0,"y":0,"curve":"stepped"},{"time":0.2666,"x":0,"y":0,"curve":"stepped"},{"time":0.3333,"x":0,"y":0,"curve":"stepped"},{"time":0.4666,"x":0,"y":0,"curve":"stepped"},{"time":0.8,"x":0,"y":0,"curve":"stepped"},{"time":0.9666,"x":0,"y":0}],"scale":[{"time":0,"x":1,"y":1.298,"curve":"stepped"},{"time":0.9666,"x":1,"y":1.298}]},"arm back":{"rotate":[{"time":0,"angle":81.91,"curve":[0.679,0.01,0.821,0.3]},{"time":0.3333,"angle":-80.93},{"time":0.4666,"angle":255.02,"curve":[0.557,0.02,0.821,0.32]},{"time":0.8,"angle":62.43,"curve":[0.386,0.25,0.682,0.58]},{"time":0.9666,"angle":81.91}],"translate":[{"time":0,"x":0,"y":0,"curve":"stepped"},{"time":0.2,"x":0,"y":0,"curve":"stepped"},{"time":0.2666,"x":0,"y":0,"curve":"stepped"},{"time":0.3333,"x":0,"y":0,"curve":"stepped"},{"time":0.4666,"x":0,"y":0,"curve":"stepped"},{"time":0.8,"x":0,"y":0,"curve":"stepped"},{"time":0.9666,"x":0,"y":0}]},"arrm 7":{"rotate":[{"time":0,"angle":19.85,"curve":"stepped"},{"time":0.3333,"angle":19.85,"curve":"stepped"},{"time":0.4666,"angle":19.85,"curve":"stepped"},{"time":0.9666,"angle":19.85}],"translate":[{"time":0,"x":0,"y":0,"curve":"stepped"},{"time":0.2,"x":0,"y":0,"curve":"stepped"},{"time":0.2666,"x":0,"y":0,"curve":"stepped"},{"time":0.3333,"x":0,"y":0,"curve":"stepped"},{"time":0.4666,"x":0,"y":0,"curve":"stepped"},{"time":0.8,"x":0,"y":0,"curve":"stepped"},{"time":0.9666,"x":0,"y":0}]},"arm 9":{"rotate":[{"time":0,"angle":41.63,"curve":"stepped"},{"time":0.3333,"angle":41.63,"curve":"stepped"},{"time":0.4666,"angle":41.63,"curve":"stepped"},{"time":0.9666,"angle":41.63}],"translate":[{"time":0,"x":0,"y":0,"curve":"stepped"},{"time":0.2,"x":0,"y":0,"curve":"stepped"},{"time":0.2666,"x":0,"y":0,"curve":"stepped"},{"time":0.3333,"x":0,"y":0,"curve":"stepped"},{"time":0.4666,"x":0,"y":0,"curve":"stepped"},{"time":0.8,"x":0,"y":0,"curve":"stepped"},{"time":0.9666,"x":0,"y":0}]},"arm 8":{"rotate":[{"time":0,"angle":43.31,"curve":"stepped"},{"time":0.3333,"angle":43.31,"curve":"stepped"},{"time":0.4666,"angle":43.31,"curve":"stepped"},{"time":0.9666,"angle":43.31}],"translate":[{"time":0,"x":0,"y":0,"curve":"stepped"},{"time":0.2,"x":0,"y":0,"curve":"stepped"},{"time":0.2666,"x":0,"y":0,"curve":"stepped"},{"time":0.3333,"x":0,"y":0,"curve":"stepped"},{"time":0.4666,"x":0,"y":0,"curve":"stepped"},{"time":0.8,"x":0,"y":0,"curve":"stepped"},{"time":0.9666,"x":0,"y":0}]},"arm 7":{"rotate":[{"time":0,"angle":-0.87,"curve":"stepped"},{"time":0.3333,"angle":-0.87,"curve":"stepped"},{"time":0.4666,"angle":-0.87,"curve":"stepped"},{"time":0.9666,"angle":-0.87}],"translate":[{"time":0,"x":0,"y":0,"curve":"stepped"},{"time":0.2,"x":0,"y":0,"curve":"stepped"},{"time":0.2666,"x":0,"y":0,"curve":"stepped"},{"time":0.3333,"x":0,"y":0,"curve":"stepped"},{"time":0.4666,"x":0,"y":0,"curve":"stepped"},{"time":0.8,"x":0,"y":0,"curve":"stepped"},{"time":0.9666,"x":0,"y":0}]},"pinky2":{"rotate":[{"time":0,"angle":-69.04,"curve":"stepped"},{"time":0.3333,"angle":-69.04,"curve":"stepped"},{"time":0.4666,"angle":-69.04,"curve":"stepped"},{"time":0.9666,"angle":-69.04}],"translate":[{"time":0,"x":0,"y":0,"curve":"stepped"},{"time":0.2,"x":0,"y":0,"curve":"stepped"},{"time":0.2666,"x":0,"y":0,"curve":"stepped"},{"time":0.3333,"x":0,"y":0,"curve":"stepped"},{"time":0.4666,"x":0,"y":0,"curve":"stepped"},{"time":0.8,"x":0,"y":0,"curve":"stepped"},{"time":0.9666,"x":0,"y":0}]},"bone5":{"rotate":[{"time":0,"angle":-96.25,"curve":"stepped"},{"time":0.3333,"angle":-96.25,"curve":"stepped"},{"time":0.4666,"angle":-96.25,"curve":"stepped"},{"time":0.9666,"angle":-96.25}],"translate":[{"time":0,"x":0,"y":0,"curve":"stepped"},{"time":0.2,"x":0,"y":0,"curve":"stepped"},{"time":0.2666,"x":0,"y":0,"curve":"stepped"},{"time":0.3333,"x":0,"y":0,"curve":"stepped"},{"time":0.4666,"x":0,"y":0,"curve":"stepped"},{"time":0.8,"x":0,"y":0,"curve":"stepped"},{"time":0.9666,"x":0,"y":0}]},"middle finger2":{"rotate":[{"time":0,"angle":-89.32,"curve":"stepped"},{"time":0.3333,"angle":-89.32,"curve":"stepped"},{"time":0.4666,"angle":-89.32,"curve":"stepped"},{"time":0.9666,"angle":-89.32}],"translate":[{"time":0,"x":0,"y":0,"curve":"stepped"},{"time":0.2,"x":0,"y":0,"curve":"stepped"},{"time":0.2666,"x":0,"y":0,"curve":"stepped"},{"time":0.3333,"x":0,"y":0,"curve":"stepped"},{"time":0.4666,"x":0,"y":0,"curve":"stepped"},{"time":0.8,"x":0,"y":0,"curve":"stepped"},{"time":0.9666,"x":0,"y":0}]},"bone6":{"rotate":[{"time":0,"angle":-90.74,"curve":"stepped"},{"time":0.3333,"angle":-90.74,"curve":"stepped"},{"time":0.4666,"angle":-90.74,"curve":"stepped"},{"time":0.9666,"angle":-90.74}],"translate":[{"time":0,"x":0,"y":0,"curve":"stepped"},{"time":0.2,"x":0,"y":0,"curve":"stepped"},{"time":0.2666,"x":0,"y":0,"curve":"stepped"},{"time":0.3333,"x":0,"y":0,"curve":"stepped"},{"time":0.4666,"x":0,"y":0,"curve":"stepped"},{"time":0.8,"x":0,"y":0,"curve":"stepped"},{"time":0.9666,"x":0,"y":0}]},"index2":{"rotate":[{"time":0,"angle":-101.32,"curve":"stepped"},{"time":0.3333,"angle":-101.32,"curve":"stepped"},{"time":0.4666,"angle":-101.32,"curve":"stepped"},{"time":0.9666,"angle":-101.32}],"translate":[{"time":0,"x":0,"y":0,"curve":"stepped"},{"time":0.2,"x":0,"y":0,"curve":"stepped"},{"time":0.2666,"x":0,"y":0,"curve":"stepped"},{"time":0.3333,"x":0,"y":0,"curve":"stepped"},{"time":0.4666,"x":0,"y":0,"curve":"stepped"},{"time":0.8,"x":0,"y":0,"curve":"stepped"},{"time":0.9666,"x":0,"y":0}]},"bone7":{"rotate":[{"time":0,"angle":-84.32,"curve":"stepped"},{"time":0.3333,"angle":-84.32,"curve":"stepped"},{"time":0.4666,"angle":-84.32,"curve":"stepped"},{"time":0.9666,"angle":-84.32}],"translate":[{"time":0,"x":0,"y":0,"curve":"stepped"},{"time":0.2,"x":0,"y":0,"curve":"stepped"},{"time":0.2666,"x":0,"y":0,"curve":"stepped"},{"time":0.3333,"x":0,"y":0,"curve":"stepped"},{"time":0.4666,"x":0,"y":0,"curve":"stepped"},{"time":0.8,"x":0,"y":0,"curve":"stepped"},{"time":0.9666,"x":0,"y":0}]},"thumb2":{"rotate":[{"time":0,"angle":-44.95,"curve":"stepped"},{"time":0.3333,"angle":-44.95,"curve":"stepped"},{"time":0.4666,"angle":-44.95,"curve":"stepped"},{"time":0.9666,"angle":-44.95}],"translate":[{"time":0,"x":0,"y":0,"curve":"stepped"},{"time":0.2,"x":0,"y":0,"curve":"stepped"},{"time":0.2666,"x":0,"y":0,"curve":"stepped"},{"time":0.3333,"x":0,"y":0,"curve":"stepped"},{"time":0.4666,"x":0,"y":0,"curve":"stepped"},{"time":0.8,"x":0,"y":0,"curve":"stepped"},{"time":0.9666,"x":0,"y":0}]},"bone8":{"rotate":[{"time":0,"angle":-19.18,"curve":"stepped"},{"time":0.3333,"angle":-19.18,"curve":"stepped"},{"time":0.4666,"angle":-19.18,"curve":"stepped"},{"time":0.9666,"angle":-19.18}],"translate":[{"time":0,"x":0,"y":0,"curve":"stepped"},{"time":0.2,"x":0,"y":0,"curve":"stepped"},{"time":0.2666,"x":0,"y":0,"curve":"stepped"},{"time":0.3333,"x":0,"y":0,"curve":"stepped"},{"time":0.4666,"x":0,"y":0,"curve":"stepped"},{"time":0.8,"x":0,"y":0,"curve":"stepped"},{"time":0.9666,"x":0,"y":0}]},"thigh":{"rotate":[{"time":0,"angle":65.68,"curve":[0.679,0.01,0.821,0.3]},{"time":0.2,"angle":35.99,"curve":[0.346,0.82,0.576,0.9]},{"time":0.2333,"angle":28.54},{"time":0.2666,"angle":5.71},{"time":0.3333,"angle":-23.76},{"time":0.4666,"angle":-64.61,"curve":[0.679,0.01,0.821,0.3]},{"time":0.6666,"angle":2.65,"curve":[0.346,0.82,0.576,0.9]},{"time":0.8,"angle":56.21},{"time":0.9666,"angle":65.68}],"translate":[{"time":0,"x":0,"y":0,"curve":"stepped"},{"time":0.2,"x":0,"y":0,"curve":"stepped"},{"time":0.2666,"x":0,"y":0,"curve":"stepped"},{"time":0.3333,"x":0,"y":0,"curve":"stepped"},{"time":0.4666,"x":0,"y":0,"curve":"stepped"},{"time":0.8,"x":0,"y":0,"curve":"stepped"},{"time":0.9666,"x":0,"y":0}]},"calf":{"rotate":[{"time":0,"angle":-23.53,"curve":[0.679,0.01,0.821,0.3]},{"time":0.2,"angle":-44.39,"curve":[0.346,0.82,0.576,0.9]},{"time":0.2333,"angle":-49.43},{"time":0.2666,"angle":-60.12},{"time":0.3333,"angle":-23.53},{"time":0.4666,"angle":-48.76,"curve":[0.679,0.01,0.821,0.3]},{"time":0.6666,"angle":-74.67,"curve":[0.346,0.82,0.576,0.9]},{"time":0.7,"angle":-85.17},{"time":0.8,"angle":-85.73},{"time":0.9,"angle":-69.94},{"time":0.9666,"angle":-23.53}],"translate":[{"time":0,"x":0,"y":0,"curve":"stepped"},{"time":0.2,"x":0,"y":0,"curve":"stepped"},{"time":0.2666,"x":0,"y":0,"curve":"stepped"},{"time":0.3333,"x":0,"y":0,"curve":"stepped"},{"time":0.4666,"x":0,"y":0,"curve":"stepped"},{"time":0.8,"x":0,"y":0,"curve":"stepped"},{"time":0.9666,"x":0,"y":0}]},"thigh2":{"rotate":[{"time":0,"angle":-52.01,"curve":[0.679,0.01,0.821,0.3]},{"time":0.2,"angle":32.61,"curve":[0.346,0.82,0.576,0.9]},{"time":0.2666,"angle":42.51},{"time":0.3333,"angle":64.6},{"time":0.4666,"angle":88.4,"curve":[0.679,0.01,0.821,0.3]},{"time":0.6666,"angle":44.37,"curve":[0.346,0.82,0.576,0.9]},{"time":0.7333,"angle":23.76},{"time":0.7666,"angle":26.03},{"time":0.8,"angle":-26.36},{"time":0.9666,"angle":-52.01}],"translate":[{"time":0,"x":0,"y":0,"curve":"stepped"},{"time":0.2,"x":0,"y":0,"curve":"stepped"},{"time":0.2666,"x":0,"y":0,"curve":"stepped"},{"time":0.3333,"x":0,"y":0,"curve":"stepped"},{"time":0.4666,"x":0,"y":0,"curve":"stepped"},{"time":0.8,"x":0,"y":0,"curve":"stepped"},{"time":0.9666,"x":0,"y":0}]},"calf2":{"rotate":[{"time":0,"angle":-64.79,"curve":[0.679,0.01,0.821,0.3]},{"time":0.2,"angle":-90.69,"curve":[0.346,0.82,0.576,0.9]},{"time":0.2666,"angle":-102.43},{"time":0.3333,"angle":-96.53},{"time":0.4666,"angle":-41.57,"curve":[0.679,0.01,0.821,0.3]},{"time":0.6666,"angle":-82.2,"curve":[0.346,0.82,0.576,0.9]},{"time":0.7,"angle":-72.46},{"time":0.7333,"angle":-56.68},{"time":0.7666,"angle":-56.05},{"time":0.8,"angle":-14.88},{"time":0.9,"angle":-35.63},{"time":0.9666,"angle":-64.79}],"translate":[{"time":0,"x":0,"y":0,"curve":"stepped"},{"time":0.2,"x":0,"y":0,"curve":"stepped"},{"time":0.2666,"x":0,"y":0,"curve":"stepped"},{"time":0.3333,"x":0,"y":0,"curve":"stepped"},{"time":0.4666,"x":0,"y":0,"curve":"stepped"},{"time":0.8,"x":0,"y":0,"curve":"stepped"},{"time":0.9666,"x":0,"y":0}]},"ear plate front":{"rotate":[{"time":0.3333,"angle":0,"curve":"stepped"},{"time":0.4666,"angle":0}],"translate":[{"time":0,"x":0,"y":0,"curve":"stepped"},{"time":0.2,"x":0,"y":0,"curve":"stepped"},{"time":0.2666,"x":0,"y":0,"curve":"stepped"},{"time":0.3333,"x":0,"y":0,"curve":"stepped"},{"time":0.4666,"x":0,"y":0,"curve":"stepped"},{"time":0.8,"x":0,"y":0,"curve":"stepped"},{"time":0.9666,"x":0,"y":0}],"scale":[{"time":0,"x":0.255,"y":1,"curve":[0.403,0.06,0.73,0.39]},{"time":0.2333,"x":0.367,"y":1,"curve":[0.34,0.32,0.673,0.65]},{"time":0.2666,"x":1.028,"y":1,"curve":[0.367,0.27,0.674,0.6]},{"time":0.4666,"x":0.463,"y":1,"curve":[0.364,0.29,0.694,0.63]},{"time":0.5666,"x":0.287,"y":1,"curve":[0.36,0.3,0.691,0.63]},{"time":0.6666,"x":0.367,"y":1,"curve":[0.34,0.32,0.673,0.65]},{"time":0.7,"x":1.028,"y":1,"curve":[0.367,0.27,0.674,0.6]},{"time":0.9666,"x":0.255,"y":1}]},"hinge":{"rotate":[{"time":0.3333,"angle":0,"curve":"stepped"},{"time":0.4666,"angle":0}],"translate":[{"time":0,"x":0,"y":0,"curve":[0.679,0.01,0.821,0.3]},{"time":0.2,"x":0,"y":-24.1,"curve":[0.346,0.82,0.576,0.9]},{"time":0.2666,"x":0,"y":-34.52},{"time":0.3333,"x":0,"y":-44.94,"curve":"stepped"},{"time":0.4666,"x":0,"y":-44.94,"curve":[0.679,0.01,0.821,0.3]},{"time":0.8,"x":0,"y":-32.1},{"time":0.9666,"x":0,"y":0}]},"hinge 2":{"rotate":[{"time":0.3333,"angle":0,"curve":"stepped"},{"time":0.4666,"angle":0}],"translate":[{"time":0,"x":0,"y":0,"curve":[0.679,0.01,0.821,0.3]},{"time":0.2,"x":0,"y":-24.1,"curve":[0.346,0.82,0.576,0.9]},{"time":0.2666,"x":0,"y":-34.52},{"time":0.3333,"x":0,"y":-44.94,"curve":"stepped"},{"time":0.4666,"x":0,"y":-44.94,"curve":[0.679,0.01,0.821,0.3]},{"time":0.8,"x":0,"y":-32.1},{"time":0.9666,"x":0,"y":0}]},"antenna back":{"rotate":[{"time":0.3333,"angle":0},{"time":0.4666,"angle":-12.35},{"time":0.5333,"angle":7.69}],"translate":[{"time":0,"x":0,"y":0,"curve":"stepped"},{"time":0.2,"x":0,"y":0,"curve":"stepped"},{"time":0.2666,"x":0,"y":0,"curve":"stepped"},{"time":0.3333,"x":0,"y":0,"curve":"stepped"},{"time":0.4666,"x":0,"y":0,"curve":"stepped"},{"time":0.8,"x":0,"y":0,"curve":"stepped"},{"time":0.9666,"x":0,"y":0}]},"antenna front":{"rotate":[{"time":0,"angle":-4.48,"curve":[0.312,0.09,0.679,0.55]},{"time":0.2,"angle":26.36,"curve":[0.39,0.38,0.741,0.76]},{"time":0.3333,"angle":-11.08},{"time":0.4666,"angle":-2.98},{"time":0.5333,"angle":7.29,"curve":[0.336,0.08,0.771,0.73]},{"time":0.6666,"angle":12.9,"curve":[0.336,0.08,0.771,0.73]},{"time":0.7,"angle":20.41,"curve":[0.336,0.08,0.771,0.73]},{"time":0.8,"angle":9.55,"curve":[0.336,0.08,0.771,0.73]},{"time":0.9666,"angle":-4.48}],"translate":[{"time":0,"x":0,"y":0,"curve":"stepped"},{"time":0.2,"x":0,"y":0,"curve":"stepped"},{"time":0.2666,"x":0,"y":0,"curve":"stepped"},{"time":0.3333,"x":0,"y":0,"curve":"stepped"},{"time":0.4666,"x":0,"y":0,"curve":"stepped"},{"time":0.8,"x":0,"y":0,"curve":"stepped"},{"time":0.9666,"x":0,"y":0}]},"tail 1":{"rotate":[{"time":0.3333,"angle":0},{"time":0.4666,"angle":11.35},{"time":0.6666,"angle":341.62,"curve":[0.336,0.08,0.771,0.73]},{"time":0.8,"angle":-4.79,"curve":[0.336,0.08,0.771,0.73]},{"time":0.9,"angle":10.63}],"translate":[{"time":0,"x":0,"y":0,"curve":"stepped"},{"time":0.2,"x":0,"y":0,"curve":"stepped"},{"time":0.2666,"x":0,"y":0,"curve":"stepped"},{"time":0.3333,"x":0,"y":0,"curve":"stepped"},{"time":0.4666,"x":0,"y":0,"curve":"stepped"},{"time":0.8,"x":0,"y":0,"curve":"stepped"},{"time":0.9666,"x":0,"y":0}]},"knee":{"rotate":[{"time":0.3333,"angle":0,"curve":"stepped"},{"time":0.4666,"angle":0}],"translate":[{"time":0,"x":0,"y":0,"curve":"stepped"},{"time":0.2,"x":0,"y":0,"curve":"stepped"},{"time":0.2666,"x":0,"y":0,"curve":"stepped"},{"time":0.3333,"x":0,"y":0,"curve":"stepped"},{"time":0.4666,"x":0,"y":0,"curve":"stepped"},{"time":0.8,"x":0,"y":0,"curve":"stepped"},{"time":0.9666,"x":0,"y":0}]},"knee2":{"rotate":[{"time":0.3333,"angle":0,"curve":"stepped"},{"time":0.4666,"angle":0}],"translate":[{"time":0,"x":0,"y":0,"curve":"stepped"},{"time":0.2,"x":0,"y":0,"curve":"stepped"},{"time":0.2666,"x":0,"y":0,"curve":"stepped"},{"time":0.3333,"x":0,"y":0,"curve":"stepped"},{"time":0.4666,"x":0,"y":0,"curve":"stepped"},{"time":0.8,"x":0,"y":0,"curve":"stepped"},{"time":0.9666,"x":0,"y":0}]},"tail 2":{"rotate":[{"time":0,"angle":14.84,"curve":[0.336,0.08,0.771,0.73]},{"time":0.3333,"angle":-12},{"time":0.4666,"angle":28.5},{"time":0.6666,"angle":15.91,"curve":[0.336,0.08,0.771,0.73]},{"time":0.7,"angle":0.76,"curve":[0.336,0.08,0.771,0.73]},{"time":0.8,"angle":16.13,"curve":[0.336,0.08,0.771,0.73]},{"time":0.9,"angle":3.39}],"translate":[{"time":0,"x":0,"y":0,"curve":"stepped"},{"time":0.2,"x":0,"y":0,"curve":"stepped"},{"time":0.2666,"x":0,"y":0,"curve":"stepped"},{"time":0.3333,"x":0,"y":0,"curve":"stepped"},{"time":0.4666,"x":0,"y":0,"curve":"stepped"},{"time":0.8,"x":0,"y":0,"curve":"stepped"},{"time":0.9666,"x":0,"y":0}]},"tail 3":{"rotate":[{"time":0.3333,"angle":0,"curve":"stepped"},{"time":0.4666,"angle":0}],"translate":[{"time":0,"x":0,"y":0,"curve":"stepped"},{"time":0.2,"x":0,"y":0,"curve":"stepped"},{"time":0.2666,"x":0,"y":0,"curve":"stepped"},{"time":0.3333,"x":0,"y":0,"curve":"stepped"},{"time":0.4666,"x":0,"y":0,"curve":"stepped"},{"time":0.8,"x":0,"y":0,"curve":"stepped"},{"time":0.9666,"x":0,"y":0}]},"heel":{"rotate":[{"time":0.2666,"angle":13.57},{"time":0.3,"angle":-0.83},{"time":0.3333,"angle":2.4},{"time":0.4666,"angle":19.49,"curve":[0.679,0.01,0.821,0.3]},{"time":0.6666,"angle":-11.51,"curve":[0.346,0.82,0.576,0.9]},{"time":0.9,"angle":-21.77},{"time":0.9666,"angle":15.36}],"translate":[{"time":0,"x":0,"y":0,"curve":"stepped"},{"time":0.2,"x":0,"y":0,"curve":"stepped"},{"time":0.2666,"x":0,"y":0,"curve":"stepped"},{"time":0.3333,"x":0,"y":0,"curve":"stepped"},{"time":0.4666,"x":0,"y":0,"curve":"stepped"},{"time":0.8,"x":0,"y":0,"curve":"stepped"},{"time":0.9666,"x":0,"y":0}]},"heel2":{"rotate":[{"time":0.2,"angle":-2.45,"curve":[0.346,0.82,0.576,0.9]},{"time":0.3333,"angle":342.32},{"time":0.4666,"angle":2.04,"curve":[0.679,0.01,0.821,0.3]},{"time":0.6666,"angle":19.89,"curve":[0.346,0.82,0.576,0.9]},{"time":0.8,"angle":18.05},{"time":0.9,"angle":1.26},{"time":0.9666,"angle":9.88}],"translate":[{"time":0,"x":0,"y":0,"curve":"stepped"},{"time":0.2,"x":0,"y":0,"curve":"stepped"},{"time":0.2666,"x":0,"y":0,"curve":"stepped"},{"time":0.3333,"x":0,"y":0,"curve":"stepped"},{"time":0.4666,"x":0,"y":0,"curve":"stepped"},{"time":0.8,"x":0,"y":0,"curve":"stepped"},{"time":0.9666,"x":0,"y":0}]},"tail 4":{"rotate":[{"time":0.3333,"angle":0,"curve":"stepped"},{"time":0.4666,"angle":0}],"translate":[{"time":0,"x":0,"y":0,"curve":"stepped"},{"time":0.2,"x":0,"y":0,"curve":"stepped"},{"time":0.2666,"x":0,"y":0,"curve":"stepped"},{"time":0.3333,"x":0,"y":0,"curve":"stepped"},{"time":0.4666,"x":0,"y":0,"curve":"stepped"},{"time":0.8,"x":0,"y":0,"curve":"stepped"},{"time":0.9666,"x":0,"y":0}]},"foot":{"rotate":[{"time":0,"angle":11.46,"curve":[0.679,0.01,0.821,0.3]},{"time":0.2,"angle":6.76,"curve":[0.346,0.82,0.576,0.9]},{"time":0.2333,"angle":18.62},{"time":0.2666,"angle":3.74},{"time":0.3333,"angle":-8.74},{"time":0.4666,"angle":3.47,"curve":[0.679,0.01,0.821,0.3]},{"time":0.6666,"angle":-3.95,"curve":[0.346,0.82,0.576,0.9]},{"time":0.8,"angle":-13.41},{"time":0.9,"angle":-3.48},{"time":0.9666,"angle":11.46}],"translate":[{"time":0,"x":0,"y":0,"curve":"stepped"},{"time":0.2,"x":0,"y":0,"curve":"stepped"},{"time":0.2666,"x":0,"y":0,"curve":"stepped"},{"time":0.3333,"x":0,"y":0,"curve":"stepped"},{"time":0.4666,"x":0,"y":0,"curve":"stepped"},{"time":0.8,"x":0,"y":0,"curve":"stepped"},{"time":0.9666,"x":0,"y":0}]},"foot2":{"rotate":[{"time":0.3333,"angle":-13.75},{"time":0.4666,"angle":5.71,"curve":[0.679,0.01,0.821,0.3]},{"time":0.6666,"angle":16.66,"curve":[0.346,0.82,0.576,0.9]},{"time":0.7,"angle":16.19},{"time":0.7333,"angle":13.86,"curve":[0.336,0.08,0.771,0.73]},{"time":0.7666,"angle":9.28},{"time":0.8,"angle":-8.74},{"time":0.9,"angle":-15.8},{"time":0.9666,"angle":-1.84}],"translate":[{"time":0,"x":0,"y":0,"curve":"stepped"},{"time":0.2,"x":0,"y":0,"curve":"stepped"},{"time":0.2666,"x":0,"y":0,"curve":"stepped"},{"time":0.3333,"x":0,"y":0,"curve":"stepped"},{"time":0.4666,"x":0,"y":0,"curve":"stepped"},{"time":0.8,"x":0,"y":0,"curve":"stepped"},{"time":0.9666,"x":0,"y":0}]},"tail 5":{"rotate":[{"time":0.3333,"angle":0,"curve":"stepped"},{"time":0.4666,"angle":0}],"translate":[{"time":0,"x":0,"y":0,"curve":"stepped"},{"time":0.2,"x":0,"y":0,"curve":"stepped"},{"time":0.3333,"x":0,"y":0,"curve":"stepped"},{"time":0.4666,"x":0,"y":0,"curve":"stepped"},{"time":0.8,"x":0,"y":0,"curve":"stepped"},{"time":0.9666,"x":0,"y":0}]},"hand2":{"rotate":[{"time":0.3333,"angle":0,"curve":"stepped"},{"time":0.4666,"angle":0}],"translate":[{"time":0,"x":0,"y":0,"curve":"stepped"},{"time":0.2,"x":0,"y":0,"curve":"stepped"},{"time":0.2666,"x":0,"y":0,"curve":"stepped"},{"time":0.3333,"x":0,"y":0,"curve":"stepped"},{"time":0.4666,"x":0,"y":0,"curve":"stepped"},{"time":0.8,"x":0,"y":0,"curve":"stepped"},{"time":0.9666,"x":0,"y":0}]},"toe":{"rotate":[{"time":0,"angle":7.12,"curve":[0.679,0.01,0.821,0.3]},{"time":0.2,"angle":-1.76,"curve":[0.346,0.82,0.576,0.9]},{"time":0.2333,"angle":4.73},{"time":0.2666,"angle":39.06},{"time":0.3,"angle":56.11},{"time":0.3333,"angle":56.95},{"time":0.4666,"angle":-19.53,"curve":[0.679,0.01,0.821,0.3]},{"time":0.6666,"angle":-25.16,"curve":[0.346,0.82,0.576,0.9]},{"time":0.8,"angle":-12.57},{"time":0.9,"angle":-12.45},{"time":0.9666,"angle":7.12}],"translate":[{"time":0,"x":0,"y":0,"curve":"stepped"},{"time":0.2,"x":0,"y":0,"curve":"stepped"},{"time":0.2666,"x":0,"y":0,"curve":"stepped"},{"time":0.3333,"x":0,"y":0,"curve":"stepped"},{"time":0.4666,"x":0,"y":0,"curve":"stepped"},{"time":0.8,"x":0,"y":0,"curve":"stepped"},{"time":0.9666,"x":0,"y":0}]},"toe2":{"rotate":[{"time":0.3333,"angle":-12.76},{"time":0.4666,"angle":11.77,"curve":[0.679,0.01,0.821,0.3]},{"time":0.6666,"angle":0.17,"curve":[0.346,0.82,0.576,0.9]},{"time":0.7,"angle":0.71},{"time":0.7333,"angle":3.17,"curve":[0.336,0.08,0.771,0.73]},{"time":0.7666,"angle":3.94},{"time":0.8,"angle":32.02},{"time":0.9,"angle":-12.52},{"time":0.9666,"angle":12.54}],"translate":[{"time":0,"x":0,"y":0,"curve":"stepped"},{"time":0.2,"x":0,"y":0,"curve":"stepped"},{"time":0.2666,"x":0,"y":0,"curve":"stepped"},{"time":0.3333,"x":0,"y":0,"curve":"stepped"},{"time":0.4666,"x":0,"y":0,"curve":"stepped"},{"time":0.8,"x":0,"y":0,"curve":"stepped"},{"time":0.9666,"x":0,"y":0}]},"root":{"translate":[{"time":0,"x":0,"y":0,"curve":[0.679,0.01,0.821,0.3]},{"time":0.2,"x":0,"y":13.96,"curve":[0.167,12.48,0.614,6.81]},{"time":0.2666,"x":0,"y":14.92},{"time":0.3333,"x":0,"y":24.76},{"time":0.4666,"x":0,"y":48.25,"curve":[0.679,0.01,0.821,0.3]},{"time":0.6666,"x":0,"y":17.14,"curve":[0.307,0.62,0.409,3.69]},{"time":0.8,"x":0,"y":20.95},{"time":0.9,"x":0,"y":30.47},{"time":0.9666,"x":0,"y":0}]}}},"shoot":{}}}